timestamp,predicted_query_load,actual_query_wait_time_ms,historical_queue_depth,available_CPU_percent,available_memory_MB
2025-05-16 05:36:00.739302,53,136,25,23.143904250854245,1901.281357078099
2025-05-16 05:36:05.739302,157,378,3,93.73294851101666,3136.500225067239
2025-05-16 05:36:10.739302,152,153,35,99.182413807477,4140.507522878202
2025-05-16 05:36:15.739302,131,237,32,29.17389936297495,1266.4194030117533
2025-05-16 05:36:20.739302,194,6,12,50.88252761661658,5223.448320641818
2025-05-16 05:36:25.739302,67,210,23,76.72800502871812,7637.038798745734
2025-05-16 05:36:30.739302,64,332,11,71.98183709443505,5590.170923115141
2025-05-16 05:36:35.739302,75,133,37,65.36591379731492,1494.0378911618618
2025-05-16 05:36:40.739302,159,70,47,95.16240829268669,5630.261349283381
2025-05-16 05:36:45.739302,49,10,2,44.12919940524505,7588.177117784569
2025-05-16 05:36:50.739302,86,34,45,44.50487130164463,2621.889432203586
2025-05-16 05:36:55.739302,60,57,15,44.70925545029318,5572.991737977672
2025-05-16 05:37:00.739302,92,270,31,67.04405106154769,2399.678980045211
2025-05-16 05:37:05.739302,96,43,39,95.89701334910305,896.0418163521734
2025-05-16 05:37:10.739302,96,25,30,86.91711740469137,1566.4209769645558
2025-05-16 05:37:15.739302,120,47,8,83.05103559883405,5478.509476297773
2025-05-16 05:37:20.739302,169,11,6,28.05799407945761,6236.624469162606
2025-05-16 05:37:25.739302,157,56,28,87.28214067392223,6088.1693077425925
2025-05-16 05:37:30.739302,86,123,47,59.38617455447742,5698.022481369884
2025-05-16 05:37:35.739302,30,237,20,65.54009669558533,3841.3064158527386
2025-05-16 05:37:40.739302,61,42,41,12.746955003736955,7307.0774146873955
2025-05-16 05:37:45.739302,45,151,19,13.124638743997018,6960.8835752144905
2025-05-16 05:37:50.739302,11,178,14,13.204329558464813,3516.757609834523
2025-05-16 05:37:55.739302,119,123,19,63.02722852286603,2093.080146828568
2025-05-16 05:38:00.739302,129,199,21,15.43464795817767,7042.351110697095
2025-05-16 05:38:05.739302,101,187,13,88.15274446623435,2894.376650031571
2025-05-16 05:38:10.739302,145,174,9,37.27320820085169,5542.819482659079
2025-05-16 05:38:15.739302,76,138,48,68.62629099268658,4521.052128469799
2025-05-16 05:38:20.739302,146,116,44,72.85061820706179,5684.948341678691
2025-05-16 05:38:25.739302,22,102,4,30.751085847773233,3014.6848968353124
2025-05-16 05:38:30.739302,75,5,24,70.67937307874402,6046.341170911856
2025-05-16 05:38:35.739302,171,103,3,55.27626996249687,1968.1343466563137
2025-05-16 05:38:40.739302,159,41,22,19.418353874946714,3337.380965103462
2025-05-16 05:38:45.739302,108,155,21,22.44542551993066,4802.803646295537
2025-05-16 05:38:50.739302,123,12,10,47.53682848680601,2086.8492783491865
2025-05-16 05:38:55.739302,87,144,30,64.35367280197008,7777.316315026573
2025-05-16 05:39:00.739302,61,30,41,55.02041943842804,2979.2730228487508
2025-05-16 05:39:05.739302,64,109,6,88.59154155641458,7632.54385285328
2025-05-16 05:39:10.739302,161,22,4,53.47904977094908,1169.7467892878865
2025-05-16 05:39:15.739302,142,161,2,33.02843443844185,7501.19857219427
2025-05-16 05:39:20.739302,20,18,12,88.07749816728489,6663.432848797442
2025-05-16 05:39:25.739302,102,4,28,31.90068475627077,5139.454373063049
2025-05-16 05:39:30.739302,108,17,44,34.807048696016096,6085.116164268278
2025-05-16 05:39:35.739302,179,177,16,14.603901101310559,2506.726341524011
2025-05-16 05:39:40.739302,96,42,30,17.159446259069195,1812.723066179386
2025-05-16 05:39:45.739302,128,176,30,22.38063173150025,3959.424305422979
2025-05-16 05:39:50.739302,51,57,36,67.40743615843317,2343.213292486031
2025-05-16 05:39:55.739302,102,19,25,60.52483854744741,832.4804923275886
2025-05-16 05:40:00.739302,12,48,29,86.76057705330821,2143.9936940663974
2025-05-16 05:40:05.739302,86,125,1,43.75738981366846,7972.085533563734
2025-05-16 05:40:10.739302,197,14,39,82.60667918361668,2760.2357191827764
2025-05-16 05:40:15.739302,152,32,3,33.08404344143279,3421.344320027938
2025-05-16 05:40:20.739302,20,29,28,33.99346347386624,4691.994829823626
2025-05-16 05:40:25.739302,191,697,42,44.795041740724535,7415.115528873473
2025-05-16 05:40:30.739302,65,53,7,53.003090787537495,4345.840695524098
2025-05-16 05:40:35.739302,59,35,40,51.18426599713132,4028.5012070621756
2025-05-16 05:40:40.739302,180,39,47,37.68402017444593,1279.4796909048773
2025-05-16 05:40:45.739302,75,47,25,16.93682811759787,5979.561070074997
2025-05-16 05:40:50.739302,98,24,38,66.04444152339711,6347.403001455872
2025-05-16 05:40:55.739302,152,104,42,13.680408084921133,2927.400862116591
2025-05-16 05:41:00.739302,15,41,37,41.99493095213873,1694.9278769265156
2025-05-16 05:41:05.739302,190,5,12,36.95446033292122,1281.0829395657104
2025-05-16 05:41:10.739302,41,94,4,24.810138029030906,4174.013381731027
2025-05-16 05:41:15.739302,107,8,37,80.22809196283208,2413.117213754136
2025-05-16 05:41:20.739302,114,190,37,17.087767940511966,7299.120138333297
2025-05-16 05:41:25.739302,198,60,42,89.9834536513412,4554.985980490092
2025-05-16 05:41:30.739302,57,38,41,83.92470312998236,1842.3192421591439
2025-05-16 05:41:35.739302,29,228,5,33.34460119103164,2902.9650347298343
2025-05-16 05:41:40.739302,171,27,8,18.564538490243137,2196.5965616029307
2025-05-16 05:41:45.739302,123,98,47,61.39499530957699,3230.7057074244362
2025-05-16 05:41:50.739302,191,48,45,23.02891223900461,8104.238451200761
2025-05-16 05:41:55.739302,170,451,15,61.01197830656016,656.5322621551568
2025-05-16 05:42:00.739302,190,47,48,97.4488229481747,5441.511948726654
2025-05-16 05:42:05.739302,195,102,6,91.55853510141787,296.73131420924983
2025-05-16 05:42:10.739302,90,91,40,90.9110144477583,7167.328178622729
2025-05-16 05:42:15.739302,173,253,33,91.49302116149572,4849.939581628675
2025-05-16 05:42:20.739302,72,226,33,91.22343396302499,4696.192434622383
2025-05-16 05:42:25.739302,167,4,3,41.06490619856656,4407.816732808717
2025-05-16 05:42:30.739302,121,9,12,23.755282316878848,7071.24961304788
2025-05-16 05:42:35.739302,15,93,25,35.74836191065474,980.9810302546279
2025-05-16 05:42:40.739302,33,20,49,73.67447437032772,2199.1143367158847
2025-05-16 05:42:45.739302,42,200,26,49.43998882108867,4536.612853380393
2025-05-16 05:42:50.739302,13,195,2,35.41083048888241,1371.9022890760166
2025-05-16 05:42:55.739302,117,7,5,41.5196257624997,5232.085849361176
2025-05-16 05:43:00.739302,10,32,43,79.02074792448181,6103.715575073426
2025-05-16 05:43:05.739302,154,92,18,71.73204627256047,4957.382533359132
2025-05-16 05:43:10.739302,62,168,15,74.68321381500252,3784.439802729436
2025-05-16 05:43:15.739302,141,83,24,67.58520497444701,6520.486135666047
2025-05-16 05:43:20.739302,51,264,36,21.061852640105002,402.2235916612193
2025-05-16 05:43:25.739302,163,215,32,99.3929283814853,3141.9010856630575
2025-05-16 05:43:30.739302,134,170,16,14.48338620896802,531.9136966758741
2025-05-16 05:43:35.739302,154,30,18,39.21380448004452,4424.333715819652
2025-05-16 05:43:40.739302,108,94,29,38.8535338148168,4261.331763635608
2025-05-16 05:43:45.739302,84,118,5,93.52879833190057,4967.725473404554
2025-05-16 05:43:50.739302,132,224,10,93.71401868714212,5010.243412270441
2025-05-16 05:43:55.739302,139,274,40,59.24687529772753,3995.4066565107973
2025-05-16 05:44:00.739302,63,30,10,79.39450869986237,754.466502537271
2025-05-16 05:44:05.739302,124,186,44,40.453679263720154,7820.4694467907075
2025-05-16 05:44:10.739302,79,104,11,26.47464500904091,6674.769600688963
2025-05-16 05:44:15.739302,148,66,36,79.13587686419127,5952.898005993781
2025-05-16 05:44:20.739302,59,66,40,26.70188016740365,1591.4171487883107
2025-05-16 05:44:25.739302,179,71,43,26.549545437594173,3813.344424669797
2025-05-16 05:44:30.739302,75,145,5,58.150114870928284,3212.408575536155
2025-05-16 05:44:35.739302,121,158,49,58.20161555687189,5501.837697119505
2025-05-16 05:44:40.739302,121,460,17,47.87426953437624,462.88068180254936
2025-05-16 05:44:45.739302,147,70,12,67.58936923280822,2409.7904913191237
2025-05-16 05:44:50.739302,107,114,20,68.34564261569685,391.04702306918875
2025-05-16 05:44:55.739302,140,23,14,27.010794979672916,2611.553780091489
2025-05-16 05:45:00.739302,165,40,1,88.31246501069664,285.2663330074089
2025-05-16 05:45:05.739302,11,191,11,92.51015674696595,1550.7128594636013
2025-05-16 05:45:10.739302,66,15,1,78.0749191269521,6509.384353825832
2025-05-16 05:45:15.739302,45,172,15,52.05204562178607,4469.817417771816
2025-05-16 05:45:20.739302,34,42,45,37.49176712532446,2586.087225915581
2025-05-16 05:45:25.739302,161,8,45,89.25039695355743,1589.301531578454
2025-05-16 05:45:30.739302,127,221,37,83.30563750009483,1388.8210493960646
2025-05-16 05:45:35.739302,147,63,6,65.78618554065967,7120.990530765968
2025-05-16 05:45:40.739302,113,55,27,17.545647444528917,391.36386898406636
2025-05-16 05:45:45.739302,102,79,40,77.50631261843847,5005.216634905016
2025-05-16 05:45:50.739302,20,80,20,92.40636131460509,6887.113487847602
2025-05-16 05:45:55.739302,86,154,24,30.828992740635986,7200.637694084103
2025-05-16 05:46:00.739302,121,86,40,92.11137327019942,2826.317745271634
2025-05-16 05:46:05.739302,87,21,30,15.610417933542525,859.042708904511
2025-05-16 05:46:10.739302,25,26,28,93.07829866797302,6137.301108880167
2025-05-16 05:46:15.739302,28,146,5,90.76910599981574,1587.3306981071955
2025-05-16 05:46:20.739302,44,250,23,68.1561973099694,1417.526471855753
2025-05-16 05:46:25.739302,38,135,3,96.96488656918483,7468.1851903811075
2025-05-16 05:46:30.739302,124,164,41,62.96440833589708,5355.393485714933
2025-05-16 05:46:35.739302,109,94,38,27.476496441341816,1906.8321443002944
2025-05-16 05:46:40.739302,183,2,17,64.16987708188222,1481.2486688235417
2025-05-16 05:46:45.739302,188,20,14,99.47110518478868,7873.368210477375
2025-05-16 05:46:50.739302,54,76,25,41.19510395489292,3154.701854086086
2025-05-16 05:46:55.739302,182,88,32,87.49906770011265,1975.7139796173337
2025-05-16 05:47:00.739302,136,269,21,46.50832100765441,2254.929757915017
2025-05-16 05:47:05.739302,160,223,46,96.67306836516195,7962.2117982845875
2025-05-16 05:47:10.739302,120,99,10,32.719477034533085,3506.648236060002
2025-05-16 05:47:15.739302,155,68,30,52.07973886123064,4291.493851921627
2025-05-16 05:47:20.739302,67,167,31,30.625428988094615,1640.7317072166506
2025-05-16 05:47:25.739302,24,89,28,66.50574024840844,8011.276888844996
2025-05-16 05:47:30.739302,88,17,38,55.721347141570796,1061.1319446679609
2025-05-16 05:47:35.739302,175,9,40,80.59682001291773,1990.3643869320317
2025-05-16 05:47:40.739302,92,104,28,28.49432418121461,4954.458095165437
2025-05-16 05:47:45.739302,96,100,31,38.911481290943485,2122.5551109390317
2025-05-16 05:47:50.739302,81,22,37,14.066547336408416,843.2377783317405
2025-05-16 05:47:55.739302,187,103,49,46.635580079410744,7509.673146822287
2025-05-16 05:48:00.739302,53,0,26,39.07290682631054,1409.668872089794
2025-05-16 05:48:05.739302,190,34,22,15.913752986134892,4483.033022930524
2025-05-16 05:48:10.739302,140,104,18,90.53827406277998,7623.298707196037
2025-05-16 05:48:15.739302,171,18,48,64.2589377767378,7145.406637606046
2025-05-16 05:48:20.739302,127,11,20,64.72032342167475,6804.860198525088
2025-05-16 05:48:25.739302,72,248,24,72.9378356458142,7071.480876931569
2025-05-16 05:48:30.739302,187,28,38,21.04248200215013,7578.544669727852
2025-05-16 05:48:35.739302,142,113,8,21.39867201747424,1035.6938199414103
2025-05-16 05:48:40.739302,79,3,20,50.301101319617544,3874.3063377278204
2025-05-16 05:48:45.739302,89,89,45,26.075544037351964,4550.613578249702
2025-05-16 05:48:50.739302,134,119,19,84.36197403055971,7308.159217517775
2025-05-16 05:48:55.739302,50,285,13,43.6827189718303,7880.61214391457
2025-05-16 05:49:00.739302,161,49,31,54.61169908731819,3218.2392394385843
2025-05-16 05:49:05.739302,157,50,38,99.51993902070832,4838.02541608971
2025-05-16 05:49:10.739302,108,72,41,10.963363707460513,3560.186930106394
2025-05-16 05:49:15.739302,142,63,37,99.3686519960383,5677.99125585868
2025-05-16 05:49:20.739302,166,64,32,51.45164033744127,1450.7426247276899
2025-05-16 05:49:25.739302,28,0,33,20.211163949084497,4775.3146896426
2025-05-16 05:49:30.739302,143,76,20,32.00886277973443,5286.229114234289
2025-05-16 05:49:35.739302,97,74,33,97.29608966177948,1811.7670844765396
2025-05-16 05:49:40.739302,116,299,28,51.29124273601787,8105.4841794230715
2025-05-16 05:49:45.739302,53,88,26,11.15125645610316,4207.362142631733
2025-05-16 05:49:50.739302,66,45,31,34.78395716117332,1188.6756267981077
2025-05-16 05:49:55.739302,78,70,22,40.24463810241277,6838.313308658415
2025-05-16 05:50:00.739302,52,19,40,93.99302995371701,3909.426588653223
2025-05-16 05:50:05.739302,137,9,47,30.326722542478976,5430.790312887069
2025-05-16 05:50:10.739302,195,42,33,93.97610496508761,790.1251940316236
2025-05-16 05:50:15.739302,82,44,5,22.714716294318066,7053.743309246221
2025-05-16 05:50:20.739302,167,173,20,47.348910227450155,6252.025301141161
2025-05-16 05:50:25.739302,17,59,42,15.901366468225435,3077.2808331544566
2025-05-16 05:50:30.739302,37,21,39,78.27420334756428,5251.622106586829
2025-05-16 05:50:35.739302,10,150,48,55.60010497009511,5145.81007785968
2025-05-16 05:50:40.739302,99,60,12,27.583472744181883,3579.2118415058167
2025-05-16 05:50:45.739302,158,38,20,29.60194607989164,7863.658662776666
2025-05-16 05:50:50.739302,141,127,47,98.92651060801354,4342.750788253712
2025-05-16 05:50:55.739302,133,77,38,52.39443651947277,7032.826833278231
2025-05-16 05:51:00.739302,120,78,18,54.14331905367373,6580.296683991407
2025-05-16 05:51:05.739302,58,43,15,56.51067329250506,8097.376666371701
2025-05-16 05:51:10.739302,52,98,27,47.816449914426066,3621.0019674644464
2025-05-16 05:51:15.739302,161,354,3,12.337430937518203,6003.263300865747
2025-05-16 05:51:20.739302,28,86,14,82.25352652981779,4467.658263378436
2025-05-16 05:51:25.739302,179,67,32,88.07484139486417,3714.7462889462313
2025-05-16 05:51:30.739302,25,111,25,38.280965058300154,4176.244912499929
2025-05-16 05:51:35.739302,174,107,16,89.61890940252064,7151.541601241482
2025-05-16 05:51:40.739302,65,53,33,10.789846990605374,4875.036162237567
2025-05-16 05:51:45.739302,139,7,21,83.8641855378229,4641.257898662702
2025-05-16 05:51:50.739302,39,174,4,92.92504985233774,7655.357561351974
2025-05-16 05:51:55.739302,52,84,45,68.64518435607346,5841.168452055507
2025-05-16 05:52:00.739302,100,19,20,84.55905647629483,2248.486684031603
2025-05-16 05:52:05.739302,181,58,37,95.30319326618562,951.1738952863174
2025-05-16 05:52:10.739302,54,34,30,72.37469679150519,1913.5120274656465
2025-05-16 05:52:15.739302,135,48,1,19.177430920307106,435.5432165578579
2025-05-16 05:52:20.739302,177,60,39,10.153810881760581,6334.100164388541
2025-05-16 05:52:25.739302,40,121,14,81.84100196896223,6419.089601785193
2025-05-16 05:52:30.739302,184,13,2,37.151364319000535,4025.7400181349067
2025-05-16 05:52:35.739302,160,183,27,39.24478755757749,2078.1856174255454
2025-05-16 05:52:40.739302,167,26,13,25.054540034817897,6346.683505862302
2025-05-16 05:52:45.739302,73,0,29,50.27215695564132,4052.579493786246
2025-05-16 05:52:50.739302,75,3,19,61.81924173794349,317.69445052777235
2025-05-16 05:52:55.739302,25,66,5,84.49759145346465,6318.661755368188
2025-05-16 05:53:00.739302,30,15,3,99.06106820205501,5348.224127721333
2025-05-16 05:53:05.739302,128,106,34,97.57146513048086,4024.6652388753173
2025-05-16 05:53:10.739302,113,0,2,33.10254127160297,4956.010511948549
2025-05-16 05:53:15.739302,65,96,2,66.82674205547295,7350.712022891673
2025-05-16 05:53:20.739302,140,4,37,88.87226844133083,6592.714079099502
2025-05-16 05:53:25.739302,111,40,21,70.00956804728705,7083.848841631109
2025-05-16 05:53:30.739302,190,65,9,80.51280394075499,6694.787840461201
2025-05-16 05:53:35.739302,78,48,27,44.50173101098272,2503.087270683262
2025-05-16 05:53:40.739302,139,357,43,67.70958448305485,7293.885208995296
2025-05-16 05:53:45.739302,24,294,5,82.33598301691345,5815.116363995669
2025-05-16 05:53:50.739302,102,150,44,74.7454501181393,4487.341638876489
2025-05-16 05:53:55.739302,110,18,29,67.61994674440987,4859.826506692475
2025-05-16 05:54:00.739302,106,13,34,79.72393749357055,7404.52093809989
2025-05-16 05:54:05.739302,20,271,2,59.907654954492436,3011.78068030295
2025-05-16 05:54:10.739302,55,25,18,21.586946250105512,1167.1991023752237
2025-05-16 05:54:15.739302,156,115,41,77.65894855559078,6809.395616291448
2025-05-16 05:54:20.739302,30,207,46,96.79296283956535,4247.4176657697535
2025-05-16 05:54:25.739302,119,6,38,87.07278189520906,3968.2018526684506
2025-05-16 05:54:30.739302,161,55,24,16.913263909288595,4240.142143463916
2025-05-16 05:54:35.739302,160,298,43,77.6990560949842,2213.7056916821175
2025-05-16 05:54:40.739302,81,60,21,32.88151966421117,884.1012883246387
2025-05-16 05:54:45.739302,198,38,47,89.81294905505813,1308.3716154601332
2025-05-16 05:54:50.739302,94,94,41,93.46704887542202,2729.856733347459
2025-05-16 05:54:55.739302,141,120,11,40.03113449267443,2594.2687445571332
2025-05-16 05:55:00.739302,110,76,41,66.42205973634859,4576.608221838714
2025-05-16 05:55:05.739302,134,106,3,35.797063564064445,874.231430452844
2025-05-16 05:55:10.739302,181,5,16,19.881760860720753,401.15710769242014
2025-05-16 05:55:15.739302,185,310,18,60.353444108504625,1692.0553151733961
2025-05-16 05:55:20.739302,148,137,49,97.46003807708632,3904.9467877991583
2025-05-16 05:55:25.739302,54,113,22,44.92441050411334,7819.489036273354
2025-05-16 05:55:30.739302,30,145,6,28.50694045281212,2863.6653232892954
2025-05-16 05:55:35.739302,86,54,16,96.16801913163134,2144.8604601374004
2025-05-16 05:55:40.739302,143,101,8,35.950190678579844,8170.069771311749
2025-05-16 05:55:45.739302,60,198,37,69.77239598543783,2577.0067243448725
2025-05-16 05:55:50.739302,192,10,24,61.87466711611904,4761.044333109571
2025-05-16 05:55:55.739302,108,297,34,62.492470043048584,4759.626752030492
2025-05-16 05:56:00.739302,36,107,7,82.2539725093309,2026.1071521213626
2025-05-16 05:56:05.739302,87,137,31,78.41606027538268,6195.177757302431
2025-05-16 05:56:10.739302,193,16,10,28.129409704156174,5050.856915060214
2025-05-16 05:56:15.739302,101,171,23,53.41730397845622,2426.0247358069696
2025-05-16 05:56:20.739302,48,68,13,27.467206910449466,2562.0490157864238
2025-05-16 05:56:25.739302,62,315,1,24.67110422343429,717.9564536416854
2025-05-16 05:56:30.739302,195,142,9,16.65644215409063,5154.107254066498
2025-05-16 05:56:35.739302,195,86,18,79.18877639959827,2527.6696134072367
2025-05-16 05:56:40.739302,37,103,15,65.85764325342302,5028.112324966436
2025-05-16 05:56:45.739302,101,128,16,79.44904370924323,7915.666749385326
2025-05-16 05:56:50.739302,28,33,32,68.38810144166291,5973.332235755988
2025-05-16 05:56:55.739302,68,98,8,54.36655948925801,2275.9314730304504
2025-05-16 05:57:00.739302,161,84,44,70.28719281999759,7702.667679809192
2025-05-16 05:57:05.739302,142,70,4,54.668173932943255,4893.313691933783
2025-05-16 05:57:10.739302,78,34,8,17.363940661630863,2789.073977384828
2025-05-16 05:57:15.739302,55,8,28,40.975497604419985,1572.6858783805812
2025-05-16 05:57:20.739302,177,163,3,97.87675038944734,1808.934508319497
2025-05-16 05:57:25.739302,33,37,27,54.081837151048596,7487.197687075623
2025-05-16 05:57:30.739302,64,168,10,67.96285221779561,4014.430883164954
2025-05-16 05:57:35.739302,129,71,14,28.021190089410005,1734.3410647797368
2025-05-16 05:57:40.739302,17,0,19,71.49845308627594,7194.739770808067
2025-05-16 05:57:45.739302,168,54,4,34.57907591078863,2946.3377805684263
2025-05-16 05:57:50.739302,116,44,15,38.296880190229665,6923.496665790398
2025-05-16 05:57:55.739302,198,26,30,54.93241804418453,4585.840112398519
2025-05-16 05:58:00.739302,146,19,19,34.49951070275621,8029.430099043653
2025-05-16 05:58:05.739302,128,34,28,88.85133686736444,6392.352912449267
2025-05-16 05:58:10.739302,23,54,1,37.70869954700174,1475.9381237546477
2025-05-16 05:58:15.739302,57,161,43,48.32757511609416,1209.0675669941852
2025-05-16 05:58:20.739302,31,91,19,70.96637728573077,6776.504444242083
2025-05-16 05:58:25.739302,45,88,26,97.50134077135918,1059.7379220554972
2025-05-16 05:58:30.739302,148,50,34,40.236010210541174,1167.1194435616862
2025-05-16 05:58:35.739302,34,52,3,76.7307857513386,993.5917614535042
2025-05-16 05:58:40.739302,41,8,37,96.54715040067126,5974.143464857461
2025-05-16 05:58:45.739302,51,33,11,46.9350417622857,5232.6335244266775
2025-05-16 05:58:50.739302,150,39,42,54.00950708632439,2043.6912462687965
2025-05-16 05:58:55.739302,188,48,39,43.948685816215175,4109.357894445081
2025-05-16 05:59:00.739302,101,37,31,13.552367930525026,1651.0059283908395
2025-05-16 05:59:05.739302,134,139,28,61.36664334305096,2287.555126795838
2025-05-16 05:59:10.739302,39,337,15,16.850002533657545,2916.750954022965
2025-05-16 05:59:15.739302,84,57,27,29.45307133628679,2618.3754584652024
2025-05-16 05:59:20.739302,134,37,48,75.34287330465223,615.6908595437479
2025-05-16 05:59:25.739302,54,156,8,77.38081767927869,454.2081435776654
2025-05-16 05:59:30.739302,126,111,24,47.026429023257066,710.8984823568196
2025-05-16 05:59:35.739302,194,271,3,41.74141192994726,2367.2322080720314
2025-05-16 05:59:40.739302,188,54,6,29.521455244054003,1082.791151559434
2025-05-16 05:59:45.739302,88,192,45,58.37515991472705,6671.351148437231
2025-05-16 05:59:50.739302,157,568,43,83.61292454125517,1439.9081666878853
2025-05-16 05:59:55.739302,67,37,33,63.48437174869569,4961.419940463146
2025-05-16 06:00:00.739302,128,1,42,94.62763201045462,6434.283972262574
2025-05-16 06:00:05.739302,88,52,29,24.107471376349196,5104.46323998723
2025-05-16 06:00:10.739302,143,16,40,30.803696639320233,324.02478962065595
2025-05-16 06:00:15.739302,28,48,1,91.2165869318942,5564.5548535535645
2025-05-16 06:00:20.739302,108,53,14,36.03016070618096,5587.137706815611
2025-05-16 06:00:25.739302,81,11,7,88.83073386839884,7687.651925027673
2025-05-16 06:00:30.739302,100,74,8,92.50452839568402,3061.0188373076826
2025-05-16 06:00:35.739302,30,356,34,84.69444048304211,4522.152077103972
2025-05-16 06:00:40.739302,48,116,18,78.68323086707017,7369.919246492202
2025-05-16 06:00:45.739302,193,66,2,62.35790922064402,4767.008033641464
2025-05-16 06:00:50.739302,80,94,34,57.11763699118759,5061.114221225151
2025-05-16 06:00:55.739302,31,200,45,13.163984131102499,7670.300802702388
2025-05-16 06:01:00.739302,82,69,7,76.60661799213742,7120.9600028761015
2025-05-16 06:01:05.739302,122,7,6,55.007936222020234,1432.1063481991127
2025-05-16 06:01:10.739302,29,419,6,99.39491084558027,7828.139518330529
2025-05-16 06:01:15.739302,40,25,22,30.974551266685665,3137.1395502666683
2025-05-16 06:01:20.739302,189,143,23,65.84996543288662,5634.859987718846
2025-05-16 06:01:25.739302,149,71,13,48.63715910222975,1276.31777870134
2025-05-16 06:01:30.739302,43,89,37,26.55937191188313,3069.597054790226
2025-05-16 06:01:35.739302,107,76,1,61.66772276768174,1140.2254429435102
2025-05-16 06:01:40.739302,123,157,9,17.116647939897202,6213.350930926011
2025-05-16 06:01:45.739302,95,48,43,77.25810546494883,6481.774035861104
2025-05-16 06:01:50.739302,58,16,43,38.079467007411935,3190.7773686756773
2025-05-16 06:01:55.739302,48,296,32,34.109700790817016,4986.696154529303
2025-05-16 06:02:00.739302,74,136,31,56.835500251114404,4262.021494350853
2025-05-16 06:02:05.739302,92,24,2,72.4499012242467,5010.660642255165
2025-05-16 06:02:10.739302,167,10,16,41.16799904885076,1788.2950555296327
2025-05-16 06:02:15.739302,122,142,48,92.98409381198769,8113.681145828875
2025-05-16 06:02:20.739302,84,137,16,48.9664047847979,809.5579674982237
2025-05-16 06:02:25.739302,66,19,16,51.266918872314285,2985.8001704006797
2025-05-16 06:02:30.739302,37,51,21,24.310956524107112,6106.231489516518
2025-05-16 06:02:35.739302,86,32,40,42.54509556482713,3439.6997702443477
2025-05-16 06:02:40.739302,16,150,20,52.66776487360617,1599.801537448195
2025-05-16 06:02:45.739302,182,242,42,12.139901190769983,746.5437921714413
2025-05-16 06:02:50.739302,138,83,3,19.84310757345337,5241.459306040887
2025-05-16 06:02:55.739302,35,231,8,19.456865911766307,4947.178365297628
2025-05-16 06:03:00.739302,152,126,27,84.46993249098458,5420.375321747053
2025-05-16 06:03:05.739302,74,180,35,22.95300887279956,6267.778672201892
2025-05-16 06:03:10.739302,12,33,45,98.48758499406051,1885.2853898325748
2025-05-16 06:03:15.739302,21,79,26,19.04749838969748,4177.729419857729
2025-05-16 06:03:20.739302,162,18,44,17.70761653362721,7212.599072084657
2025-05-16 06:03:25.739302,100,80,41,13.274849567433998,7414.371611230042
2025-05-16 06:03:30.739302,117,118,15,20.126166674331657,4677.761440734238
2025-05-16 06:03:35.739302,187,180,5,84.07474317362302,4251.679569824773
2025-05-16 06:03:40.739302,119,4,36,46.55713231225267,6974.50840363864
2025-05-16 06:03:45.739302,21,60,10,26.247351758429886,1430.6973733119694
2025-05-16 06:03:50.739302,143,269,3,32.98307151074826,3567.273896623302
2025-05-16 06:03:55.739302,131,381,38,41.19169554506045,1301.982604422935
2025-05-16 06:04:00.739302,188,359,9,89.49917981107092,1086.938464323584
2025-05-16 06:04:05.739302,75,27,44,58.36574010249656,4469.353626535128
2025-05-16 06:04:10.739302,91,245,42,27.64135178043979,5438.25603064854
2025-05-16 06:04:15.739302,116,204,12,11.994946048708616,6867.390868493144
2025-05-16 06:04:20.739302,13,369,14,87.54588517274448,5656.609768324186
2025-05-16 06:04:25.739302,199,6,30,85.41479401802296,6594.819704022995
2025-05-16 06:04:30.739302,91,161,25,70.87027489072817,6137.672504985748
2025-05-16 06:04:35.739302,116,16,35,22.60201685311498,5273.354133602605
2025-05-16 06:04:40.739302,127,2,16,88.53067331893433,4987.720696504242
2025-05-16 06:04:45.739302,24,67,20,96.73582260103741,1406.429902631987
2025-05-16 06:04:50.739302,66,107,40,34.77487828395799,3520.7233214706926
2025-05-16 06:04:55.739302,22,120,19,40.505939518134184,2752.3210137067144
2025-05-16 06:05:00.739302,139,212,16,51.846808121958524,4142.976254244359
2025-05-16 06:05:05.739302,131,55,45,17.420257648438042,3836.575141393457
2025-05-16 06:05:10.739302,137,27,9,96.94668171901684,591.7329269505317
2025-05-16 06:05:15.739302,174,26,43,85.0571699967182,5942.3135192816435
2025-05-16 06:05:20.739302,97,64,38,95.66721680909585,1529.686727463632
2025-05-16 06:05:25.739302,49,65,43,56.917481150284715,7598.143126371218
2025-05-16 06:05:30.739302,89,13,38,85.8016225727388,4947.552364082618
2025-05-16 06:05:35.739302,163,39,9,38.25355112545302,1367.7655505107357
2025-05-16 06:05:40.739302,131,242,3,76.4260329685308,3082.8559100090292
2025-05-16 06:05:45.739302,146,158,15,59.76960531646757,2773.5929129866954
2025-05-16 06:05:50.739302,129,34,16,79.56977113982083,4186.978228238901
2025-05-16 06:05:55.739302,57,106,5,11.981596609848813,1243.5966895546624
2025-05-16 06:06:00.739302,74,104,4,67.36365193460658,2482.226415326469
2025-05-16 06:06:05.739302,59,32,25,81.66328107218882,5717.426325870623
2025-05-16 06:06:10.739302,164,10,32,23.92316397275168,2775.8381564382325
2025-05-16 06:06:15.739302,130,159,5,76.44234823154358,3663.767653813948
2025-05-16 06:06:20.739302,64,34,3,73.51110234791014,2252.591531470436
2025-05-16 06:06:25.739302,196,77,8,32.24087368219342,1356.1718023698825
2025-05-16 06:06:30.739302,19,136,44,48.96800311993248,4375.584305914016
2025-05-16 06:06:35.739302,32,208,28,69.65345330186545,5567.984330650038
2025-05-16 06:06:40.739302,104,6,47,12.142222697543819,4252.070803516142
2025-05-16 06:06:45.739302,130,197,29,36.79974577080189,6513.887764530627
2025-05-16 06:06:50.739302,77,182,40,72.92257300844386,1876.6578612635142
2025-05-16 06:06:55.739302,54,232,4,19.98497308851936,2271.9060204435327
2025-05-16 06:07:00.739302,191,14,34,34.637736472030625,667.3329013710487
2025-05-16 06:07:05.739302,160,61,7,12.203107277515794,2048.632963430713
2025-05-16 06:07:10.739302,42,7,30,94.03150887076207,7919.088244223771
2025-05-16 06:07:15.739302,64,86,8,21.970558536783354,3655.3481686576606
2025-05-16 06:07:20.739302,87,27,30,42.36794260961801,6747.790914264072
2025-05-16 06:07:25.739302,11,4,9,92.03851423009968,4260.546100244523
2025-05-16 06:07:30.739302,180,136,31,22.222533542620297,2991.9637115416986
2025-05-16 06:07:35.739302,54,330,12,12.756584227487528,6340.534226902473
2025-05-16 06:07:40.739302,60,2,15,61.136091056351596,325.27249637359125
2025-05-16 06:07:45.739302,143,33,22,37.71887511951451,1551.1792579370895
2025-05-16 06:07:50.739302,90,88,39,15.212231757658117,4395.64023194547
2025-05-16 06:07:55.739302,41,101,28,61.33061647690309,1894.7898549941606
2025-05-16 06:08:00.739302,10,45,24,66.38058129593566,4551.6850110995565
2025-05-16 06:08:05.739302,119,51,48,57.7575050234643,3964.274468133623
2025-05-16 06:08:10.739302,183,10,28,44.31103639984713,7991.694095407785
2025-05-16 06:08:15.739302,140,28,26,30.755099349514975,1746.8002634676745
2025-05-16 06:08:20.739302,35,100,21,90.3103964226716,1596.4591002547725
2025-05-16 06:08:25.739302,154,52,40,54.96244539157068,7064.994497154371
2025-05-16 06:08:30.739302,122,20,2,63.10643077518587,1805.9776008576325
2025-05-16 06:08:35.739302,117,37,20,68.98423066565164,6001.638080141188
2025-05-16 06:08:40.739302,28,34,48,97.47404357008168,6856.589217888599
2025-05-16 06:08:45.739302,134,35,7,69.4362275722412,5457.2750952880915
2025-05-16 06:08:50.739302,10,10,10,21.363158554520794,6594.280600036699
2025-05-16 06:08:55.739302,36,175,3,94.64579857902821,5345.267110451763
2025-05-16 06:09:00.739302,193,31,22,90.77698343071087,3306.476238465973
2025-05-16 06:09:05.739302,72,84,48,14.486567420318003,6664.112642959693
2025-05-16 06:09:10.739302,129,73,6,27.008345887686193,1205.4676705008665
2025-05-16 06:09:15.739302,49,20,13,96.08395374901771,7636.7003667506
2025-05-16 06:09:20.739302,41,16,49,59.867288266024744,562.5478187256832
2025-05-16 06:09:25.739302,117,18,21,93.50971285748838,7428.19298429084
2025-05-16 06:09:30.739302,146,135,48,91.27139194668247,946.1372827321682
2025-05-16 06:09:35.739302,143,32,23,78.65746500327242,3405.3815601647475
2025-05-16 06:09:40.739302,89,174,6,47.61069651764183,6418.529496178088
2025-05-16 06:09:45.739302,67,20,41,81.18601471547541,7772.1570118403315
2025-05-16 06:09:50.739302,119,24,42,61.299709483419505,341.85667470227474
2025-05-16 06:09:55.739302,109,31,11,58.86502931437618,6901.790989594759
2025-05-16 06:10:00.739302,57,3,21,48.30905533019498,5757.439717543989
2025-05-16 06:10:05.739302,140,70,22,48.43805368406248,2313.9590380781938
2025-05-16 06:10:10.739302,88,57,38,66.76346439977556,1530.5732126294756
2025-05-16 06:10:15.739302,81,123,31,15.297277849263676,7141.017082485969
2025-05-16 06:10:20.739302,17,29,5,33.44287742131555,2429.5663212465256
2025-05-16 06:10:25.739302,123,57,46,64.38411020984763,4428.30503125558
2025-05-16 06:10:30.739302,159,29,46,59.89209870294595,1881.5917833778728
2025-05-16 06:10:35.739302,163,0,18,28.251829642994785,6830.964314363189
2025-05-16 06:10:40.739302,128,132,3,69.3796427700131,885.1716071882048
2025-05-16 06:10:45.739302,91,37,49,17.083047473179317,4162.18773549611
2025-05-16 06:10:50.739302,96,2,49,90.74424303685046,4808.686253786506
2025-05-16 06:10:55.739302,90,259,45,83.46122812435675,4262.414027883079
2025-05-16 06:11:00.739302,53,17,39,74.07683089230018,2105.8652022341953
2025-05-16 06:11:05.739302,16,176,36,23.173157063685245,7898.567644890764
2025-05-16 06:11:10.739302,138,129,2,53.70645104920593,1567.2225608630795
2025-05-16 06:11:15.739302,124,186,37,42.97964620305362,1863.2048418426805
2025-05-16 06:11:20.739302,135,33,27,59.187733175511774,1940.9322050590745
2025-05-16 06:11:25.739302,191,28,10,23.210786457148117,2672.314460537413
2025-05-16 06:11:30.739302,81,131,7,53.99210227598779,5483.803980523034
2025-05-16 06:11:35.739302,76,9,12,45.4884774414042,429.97531606867176
2025-05-16 06:11:40.739302,93,27,3,30.810895395265064,2686.8621259197557
2025-05-16 06:11:45.739302,83,218,43,91.15268735013026,6149.76864675278
2025-05-16 06:11:50.739302,151,219,41,14.777457299182522,468.56037107504653
2025-05-16 06:11:55.739302,165,46,29,45.335402781025735,2557.7689083069213
2025-05-16 06:12:00.739302,92,127,46,45.37728289692459,3823.9384531836527
2025-05-16 06:12:05.739302,22,68,4,63.01866403746836,3422.1800029849596
2025-05-16 06:12:10.739302,141,116,35,25.114077435885726,4007.8107865199026
2025-05-16 06:12:15.739302,94,110,5,17.61957400493278,3938.1747495507448
2025-05-16 06:12:20.739302,162,192,35,62.85493316202025,5302.7543005961215
2025-05-16 06:12:25.739302,190,13,49,25.049899571421022,414.79270392915043
2025-05-16 06:12:30.739302,50,33,22,98.04697764540059,3425.9645837295816
2025-05-16 06:12:35.739302,93,18,25,53.81835440369294,1652.968793804402
2025-05-16 06:12:40.739302,14,55,25,96.92176736119437,7302.648086351743
2025-05-16 06:12:45.739302,60,245,30,96.62328888158586,6167.49903252695
2025-05-16 06:12:50.739302,130,106,37,66.85558225499578,1964.4954202891793
2025-05-16 06:12:55.739302,20,42,27,75.4938697948799,2460.0048963187232
2025-05-16 06:13:00.739302,103,67,20,88.84006176314709,1271.1582651791762
2025-05-16 06:13:05.739302,106,84,28,76.37434780778828,4594.23264195813
2025-05-16 06:13:10.739302,19,6,37,14.140286209737393,6118.2504834057745
2025-05-16 06:13:15.739302,145,20,35,65.63170570958866,7913.364222809632
2025-05-16 06:13:20.739302,77,68,38,47.655487348301016,7139.460562538327
2025-05-16 06:13:25.739302,148,33,34,34.220799501930486,5486.89975717557
2025-05-16 06:13:30.739302,70,231,24,96.15150368432879,4594.1701020372475
2025-05-16 06:13:35.739302,158,13,4,96.78033378165517,4102.214224655936
2025-05-16 06:13:40.739302,73,198,17,72.24688400739392,6051.690534881523
2025-05-16 06:13:45.739302,146,79,20,79.86219020688605,1883.7597432062144
2025-05-16 06:13:50.739302,10,71,47,96.19832290211912,3058.508362761575
2025-05-16 06:13:55.739302,99,160,43,90.47290290251382,2354.5062647694676
2025-05-16 06:14:00.739302,121,85,45,94.08319126844624,6653.27116831198
2025-05-16 06:14:05.739302,103,228,21,45.75617603673438,4665.027745488432
2025-05-16 06:14:10.739302,70,9,21,53.84043937216123,2746.3755391640925
2025-05-16 06:14:15.739302,161,170,30,35.26723314481153,460.2062512328795
2025-05-16 06:14:20.739302,50,165,22,62.261425507079565,2779.479234485158
2025-05-16 06:14:25.739302,120,76,17,59.1642032965729,7162.420724664357
2025-05-16 06:14:30.739302,132,121,24,39.541250076619605,6081.734103788835
2025-05-16 06:14:35.739302,45,36,18,33.35086681176212,3147.552203447993
2025-05-16 06:14:40.739302,99,2,48,88.1611725908996,5283.254074074395
2025-05-16 06:14:45.739302,45,297,43,12.175805485751399,3439.073837648218
2025-05-16 06:14:50.739302,98,62,31,73.0397878417728,5964.736410210721
2025-05-16 06:14:55.739302,16,79,33,60.61422450509746,7966.477320887803
2025-05-16 06:15:00.739302,127,25,5,60.76719678560387,3947.172758164335
2025-05-16 06:15:05.739302,161,121,34,35.24597931461355,2016.1958389008478
2025-05-16 06:15:10.739302,156,201,14,99.5160579820975,1997.4464375210534
2025-05-16 06:15:15.739302,79,16,12,25.777889699689673,3855.9366069664648
2025-05-16 06:15:20.739302,37,62,4,32.33023646727099,2325.0746445129894
2025-05-16 06:15:25.739302,137,28,25,74.26882894365247,6503.89086965715
2025-05-16 06:15:30.739302,57,24,31,44.24561809610702,4986.584536704755
2025-05-16 06:15:35.739302,26,3,38,43.86148767907438,7474.520967024546
2025-05-16 06:15:40.739302,117,232,18,37.71707832127654,8103.858726900862
2025-05-16 06:15:45.739302,67,264,31,38.18611701285946,2711.5789770879874
2025-05-16 06:15:50.739302,35,255,33,53.422217782680164,3431.705006209041
2025-05-16 06:15:55.739302,165,33,22,35.50708263685874,5062.660251201624
2025-05-16 06:16:00.739302,58,13,28,27.684663028970043,5874.854844365346
2025-05-16 06:16:05.739302,164,15,12,40.77481778793271,4713.420520769752
2025-05-16 06:16:10.739302,170,63,4,30.826256559908074,6447.984787100356
2025-05-16 06:16:15.739302,132,88,5,18.064246281772636,7751.6092717929
2025-05-16 06:16:20.739302,62,121,34,23.913393994488622,6638.907551359472
2025-05-16 06:16:25.739302,51,74,12,46.11264153116706,4691.807875906699
2025-05-16 06:16:30.739302,188,2,4,13.236727855867654,4805.807562043055
2025-05-16 06:16:35.739302,103,667,48,25.718601862155328,4489.970954111605
2025-05-16 06:16:40.739302,146,223,44,96.42759352651576,5798.7176703565265
2025-05-16 06:16:45.739302,187,351,10,47.393139505031385,5510.626017918197
2025-05-16 06:16:50.739302,49,104,20,82.96322331599418,2088.1970969265844
2025-05-16 06:16:55.739302,128,228,20,55.478304515997,1141.666393579228
2025-05-16 06:17:00.739302,183,13,43,36.78135913616802,7905.427352935587
2025-05-16 06:17:05.739302,52,7,49,77.02461608383572,7856.239454703564
2025-05-16 06:17:10.739302,59,208,41,65.68033891408484,5606.620745285527
2025-05-16 06:17:15.739302,180,22,39,45.35396595579081,5534.525594251116
2025-05-16 06:17:20.739302,66,6,44,77.0867894224464,5252.162084923475
2025-05-16 06:17:25.739302,25,259,19,69.37479252924331,5595.432027687839
2025-05-16 06:17:30.739302,187,113,45,45.932248123285376,7478.949940239513
2025-05-16 06:17:35.739302,128,73,48,55.278757774686156,1309.395134426787
2025-05-16 06:17:40.739302,111,35,17,88.93146342989348,3626.14426906805
2025-05-16 06:17:45.739302,65,296,9,70.04778656004945,8155.3672996517535
2025-05-16 06:17:50.739302,137,105,20,60.635046089711885,8140.648928386827
2025-05-16 06:17:55.739302,100,3,14,28.457807184385203,6932.802112736229
2025-05-16 06:18:00.739302,188,13,18,77.07063526417825,5519.73717117343
2025-05-16 06:18:05.739302,19,82,30,33.20505260408021,6097.791912979411
2025-05-16 06:18:10.739302,170,1,42,13.29879017666842,2880.1282784328605
2025-05-16 06:18:15.739302,188,357,10,98.71612930271698,4456.318675226978
2025-05-16 06:18:20.739302,53,74,9,24.503909143580817,3288.0756591700315
2025-05-16 06:18:25.739302,66,51,22,84.75123576922888,6177.156810568205
2025-05-16 06:18:30.739302,41,46,44,19.062421889953185,4967.991077684527
2025-05-16 06:18:35.739302,79,38,3,15.787844757114312,2686.1356029063168
2025-05-16 06:18:40.739302,168,134,15,12.781195562476826,1400.5217885418033
2025-05-16 06:18:45.739302,16,221,11,73.69585891978049,5072.471028363299
2025-05-16 06:18:50.739302,26,255,45,55.66049693412754,525.2386938581973
2025-05-16 06:18:55.739302,147,8,38,12.55208428883855,5952.468378926496
2025-05-16 06:19:00.739302,39,83,15,91.7420370443881,1951.3200161486493
2025-05-16 06:19:05.739302,108,49,32,69.85105240759836,3506.567733296963
2025-05-16 06:19:10.739302,99,164,5,94.55094090034947,4759.699732461475
2025-05-16 06:19:15.739302,80,71,24,15.411929711333308,2086.044387231225
2025-05-16 06:19:20.739302,90,43,17,46.682642514536106,2785.0987979914084
2025-05-16 06:19:25.739302,23,35,38,87.05643678797902,6912.236658523674
2025-05-16 06:19:30.739302,123,16,31,62.71907748791433,1601.3866613505138
2025-05-16 06:19:35.739302,105,30,35,35.82940910632136,6157.142100230736
2025-05-16 06:19:40.739302,11,62,37,18.924365479126365,2162.1870265826683
2025-05-16 06:19:45.739302,56,7,15,11.371870479616337,829.7880673535811
2025-05-16 06:19:50.739302,184,129,1,95.38030862055338,7992.439430255677
2025-05-16 06:19:55.739302,29,23,40,84.63141819674686,2400.5261779736516
2025-05-16 06:20:00.739302,78,3,20,61.205476068837996,592.1755441301555
2025-05-16 06:20:05.739302,186,79,44,13.905263847979898,4056.569627223865
2025-05-16 06:20:10.739302,113,51,5,82.36632888071999,5215.469497927903
2025-05-16 06:20:15.739302,56,36,49,72.71687207257455,3961.8104258041685
2025-05-16 06:20:20.739302,99,28,32,23.706484287351334,4218.000432760631
2025-05-16 06:20:25.739302,50,33,7,88.85389982907326,5308.432023478269
2025-05-16 06:20:30.739302,139,134,43,21.41876591304229,3764.10098686592
2025-05-16 06:20:35.739302,181,133,5,53.156853319144844,3069.1369690253905
2025-05-16 06:20:40.739302,197,66,36,99.36693798676126,7135.300617959009
2025-05-16 06:20:45.739302,186,99,30,52.5167219237006,3678.4825013107848
2025-05-16 06:20:50.739302,139,83,17,65.03295610026788,1671.7071788836258
2025-05-16 06:20:55.739302,28,29,15,29.205683451853478,3710.049792489044
2025-05-16 06:21:00.739302,149,32,1,12.015847931973576,5699.731291444354
2025-05-16 06:21:05.739302,120,111,46,20.781033808702603,6008.945375087595
2025-05-16 06:21:10.739302,45,51,22,57.093085749409255,739.6419169619103
2025-05-16 06:21:15.739302,155,176,43,97.2771031663826,4997.525647862912
2025-05-16 06:21:20.739302,121,105,26,88.20305187220377,3398.221032936162
2025-05-16 06:21:25.739302,17,156,22,83.31745635970043,5229.520608733149
2025-05-16 06:21:30.739302,134,36,45,75.4263184050823,6916.363316884106
2025-05-16 06:21:35.739302,190,3,25,94.25309476003268,8109.204958334864
2025-05-16 06:21:40.739302,143,115,38,26.980224583397828,5308.762390792206
2025-05-16 06:21:45.739302,105,107,32,43.81031419227788,7721.2207778834745
2025-05-16 06:21:50.739302,167,28,16,40.61046617171387,6152.707153813487
2025-05-16 06:21:55.739302,104,58,33,90.8350377176233,5071.836850933423
2025-05-16 06:22:00.739302,128,149,31,76.8557484901114,5635.0225802989235
2025-05-16 06:22:05.739302,165,142,47,26.12246851791365,1331.7718722555246
2025-05-16 06:22:10.739302,160,173,24,73.63963387440495,2927.1319342191955
2025-05-16 06:22:15.739302,17,153,21,23.032251062814282,7635.476045851835
2025-05-16 06:22:20.739302,57,11,33,26.74061618287041,4321.921739950565
2025-05-16 06:22:25.739302,35,55,32,49.703976160559215,4394.799875518753
2025-05-16 06:22:30.739302,66,359,15,25.025530371579933,4157.312039877621
2025-05-16 06:22:35.739302,57,16,19,40.95348809466271,3174.8237159498567
2025-05-16 06:22:40.739302,115,77,10,66.38034517256835,4702.594603130644
2025-05-16 06:22:45.739302,26,163,23,78.454721415862,5064.526160804224
2025-05-16 06:22:50.739302,12,56,24,93.2103337128079,890.9792984354301
2025-05-16 06:22:55.739302,127,195,31,57.26178253894963,3363.9575697873343
2025-05-16 06:23:00.739302,73,99,8,59.14145913741066,8123.494763978409
2025-05-16 06:23:05.739302,166,48,16,87.34105363667419,4088.6793927863027
2025-05-16 06:23:10.739302,94,61,44,43.99143900916859,7652.688604775118
2025-05-16 06:23:15.739302,107,27,5,96.99095009980877,2725.478491563136
2025-05-16 06:23:20.739302,106,234,26,27.358318812249216,4221.643069323131
2025-05-16 06:23:25.739302,37,224,25,38.04286911689263,2857.592820021227
2025-05-16 06:23:30.739302,121,22,33,26.816744052214386,1372.4460385944922
2025-05-16 06:23:35.739302,121,133,1,48.62451692134099,6574.6088496237
2025-05-16 06:23:40.739302,134,82,20,42.41048085286197,6539.540963036058
2025-05-16 06:23:45.739302,72,16,40,18.779875084782077,2800.6582955076938
2025-05-16 06:23:50.739302,51,448,38,18.18774380088664,1155.768537098228
2025-05-16 06:23:55.739302,28,14,16,29.58260702383041,5208.799476287763
2025-05-16 06:24:00.739302,89,335,36,33.91129863979007,4371.049591337983
2025-05-16 06:24:05.739302,141,69,31,60.82027892280154,1315.8712548162014
2025-05-16 06:24:10.739302,143,287,36,92.34620691401504,2511.828006440677
2025-05-16 06:24:15.739302,98,58,38,40.756611343143035,7743.451442476036
2025-05-16 06:24:20.739302,48,3,19,59.88196517756266,3891.7942265720326
2025-05-16 06:24:25.739302,49,213,8,22.239188552142444,7339.614062038629
2025-05-16 06:24:30.739302,31,33,19,71.66796953850393,4569.374922659513
2025-05-16 06:24:35.739302,79,145,24,67.12287381803338,2894.3805830298897
2025-05-16 06:24:40.739302,182,17,27,42.60835971777338,6292.561148499502
2025-05-16 06:24:45.739302,168,197,4,96.6058557288918,4634.339923182527
2025-05-16 06:24:50.739302,140,46,5,10.47741710757199,2947.0334992494845
2025-05-16 06:24:55.739302,11,37,41,34.07967237682098,2864.040308588024
2025-05-16 06:25:00.739302,48,65,3,61.93757701994301,1786.8171881987403
2025-05-16 06:25:05.739302,182,289,16,80.78687393339638,5240.406095810329
2025-05-16 06:25:10.739302,197,370,10,82.74809575186751,7260.485603530169
2025-05-16 06:25:15.739302,61,59,9,62.00528574773286,447.4009203358273
2025-05-16 06:25:20.739302,53,51,36,84.60399650687255,3504.2249552139565
2025-05-16 06:25:25.739302,158,47,32,76.75692945696704,7490.168981744921
2025-05-16 06:25:30.739302,108,22,22,54.19666304293361,2040.853797739974
2025-05-16 06:25:35.739302,92,12,37,84.06210667970493,4233.380054461217
2025-05-16 06:25:40.739302,127,38,41,24.79013549578816,2017.2349419471507
2025-05-16 06:25:45.739302,53,136,18,18.702893698966225,7990.953674367028
2025-05-16 06:25:50.739302,133,90,13,35.536422304374085,999.0230599200646
2025-05-16 06:25:55.739302,80,118,29,75.04054667842499,5161.790547195015
2025-05-16 06:26:00.739302,178,140,24,98.31795410950323,4322.052242121315
2025-05-16 06:26:05.739302,49,35,34,19.615847832168612,4387.027624095518
2025-05-16 06:26:10.739302,153,546,39,19.619594965656578,3693.6713321623074
2025-05-16 06:26:15.739302,161,10,6,36.111936885553675,4734.232295754282
2025-05-16 06:26:20.739302,110,7,39,15.724375110897512,7424.460588335116
2025-05-16 06:26:25.739302,77,136,27,95.71943488071034,5619.721819086995
2025-05-16 06:26:30.739302,135,24,43,87.50390443205356,688.6189033215242
2025-05-16 06:26:35.739302,116,59,27,72.220961367949,4062.7926679829366
2025-05-16 06:26:40.739302,199,120,29,72.8727393709139,2730.7881535323777
2025-05-16 06:26:45.739302,135,43,20,29.576715867066675,1309.0369876453587
2025-05-16 06:26:50.739302,198,30,27,31.643057492610602,8173.956559302995
2025-05-16 06:26:55.739302,99,92,22,27.708833334980852,5161.261584348822
2025-05-16 06:27:00.739302,22,258,44,97.2484242278203,6421.77027444311
2025-05-16 06:27:05.739302,170,149,23,59.00037782499687,7882.7782880371815
2025-05-16 06:27:10.739302,34,80,5,84.81237495603322,3225.05718002261
2025-05-16 06:27:15.739302,47,13,12,57.78463335242565,2451.993384450913
2025-05-16 06:27:20.739302,181,130,38,37.01362000237977,4538.629675773977
2025-05-16 06:27:25.739302,176,3,49,88.31019335131084,5040.6758731200425
2025-05-16 06:27:30.739302,109,7,8,53.22673102082,3058.2169860446575
2025-05-16 06:27:35.739302,99,91,1,68.8125085550075,1119.7421157419262
2025-05-16 06:27:40.739302,84,106,5,66.2156632707007,6495.619854319351
2025-05-16 06:27:45.739302,99,25,49,42.53918878653437,7118.479610022941
2025-05-16 06:27:50.739302,26,157,48,77.66695737839741,7056.78196792822
2025-05-16 06:27:55.739302,59,38,31,89.43770849355967,2412.828035792706
2025-05-16 06:28:00.739302,196,56,35,34.66501855516209,2387.8790416926263
2025-05-16 06:28:05.739302,39,35,28,73.21605706806483,6704.36970524369
2025-05-16 06:28:10.739302,20,177,19,62.843852599587386,2838.7108832810095
2025-05-16 06:28:15.739302,97,58,49,88.58273727264007,7813.147745939412
2025-05-16 06:28:20.739302,122,137,27,97.79808872834867,7271.372584839952
2025-05-16 06:28:25.739302,192,67,45,38.25322110366139,4716.626559646563
2025-05-16 06:28:30.739302,40,31,23,33.92064872441155,6148.736846367848
2025-05-16 06:28:35.739302,58,9,2,66.85380239517934,5944.0314484505725
2025-05-16 06:28:40.739302,97,55,11,93.41589018430376,4482.992410279572
2025-05-16 06:28:45.739302,188,164,6,73.97228717169577,2807.1406845479005
2025-05-16 06:28:50.739302,35,75,39,65.2582541829202,3332.711038267818
2025-05-16 06:28:55.739302,170,393,18,30.324173851944725,3992.404588600276
2025-05-16 06:29:00.739302,108,225,22,57.950289992208106,7843.976577625146
2025-05-16 06:29:05.739302,32,158,10,65.55812189376135,3534.3406149407206
2025-05-16 06:29:10.739302,165,27,9,29.906648066466264,1508.9440314018243
2025-05-16 06:29:15.739302,192,101,48,82.29306859780819,652.6279006848251
2025-05-16 06:29:20.739302,51,4,1,60.210682211373964,7285.876659537541
2025-05-16 06:29:25.739302,162,133,45,68.16184711561417,2864.8271269500246
2025-05-16 06:29:30.739302,178,198,18,90.73631702540534,6535.450527765101
2025-05-16 06:29:35.739302,170,3,44,47.19401872874155,3008.6596893560654
2025-05-16 06:29:40.739302,38,19,26,64.13179296142492,3205.878033974717
2025-05-16 06:29:45.739302,124,214,6,41.89484253088663,1226.982671273954
2025-05-16 06:29:50.739302,17,20,36,39.82992194709733,5337.247569707256
2025-05-16 06:29:55.739302,158,52,27,45.222044037476536,7976.26930718623
2025-05-16 06:30:00.739302,119,23,34,48.503186686505586,8055.97948744092
2025-05-16 06:30:05.739302,111,172,38,53.89124719857328,8094.057554825585
2025-05-16 06:30:10.739302,135,56,37,44.551387579100336,4807.623332094883
2025-05-16 06:30:15.739302,103,13,26,39.26764284487518,4259.010510520438
2025-05-16 06:30:20.739302,76,44,38,60.80306671921843,3033.1400905505825
2025-05-16 06:30:25.739302,10,224,38,41.13975526005318,4355.813977216162
2025-05-16 06:30:30.739302,120,200,41,20.241263269403902,6310.067204519037
2025-05-16 06:30:35.739302,69,15,5,85.28752193860045,2672.2026781805575
2025-05-16 06:30:40.739302,111,61,42,42.02925137069046,3517.7350458910746
2025-05-16 06:30:45.739302,187,59,2,97.98560111385476,5844.223057419378
2025-05-16 06:30:50.739302,114,195,15,62.396947902974944,8063.752217926741
2025-05-16 06:30:55.739302,147,74,12,96.23367742846511,8118.679915226627
2025-05-16 06:31:00.739302,69,32,35,91.76873332034162,1378.4117001630252
2025-05-16 06:31:05.739302,52,80,23,16.590636728990837,7581.051137837712
2025-05-16 06:31:10.739302,122,220,41,28.952925627439985,766.1627282840901
2025-05-16 06:31:15.739302,95,35,35,72.96302665064405,4676.719992912409
2025-05-16 06:31:20.739302,118,21,46,31.39240762481364,808.9073818714604
2025-05-16 06:31:25.739302,136,9,37,46.35069335690344,3241.7905593873493
2025-05-16 06:31:30.739302,138,75,23,56.2656728296108,6694.7374376805865
2025-05-16 06:31:35.739302,15,131,21,58.65360919850247,7283.505835448731
2025-05-16 06:31:40.739302,154,40,35,75.45096608560831,7775.868014169069
2025-05-16 06:31:45.739302,50,69,17,67.98153430017686,7123.612120634549
2025-05-16 06:31:50.739302,32,119,23,55.29407609599738,2194.638695146554
2025-05-16 06:31:55.739302,89,162,26,57.37490869178006,6426.3689763892735
2025-05-16 06:32:00.739302,25,42,29,12.171771224485498,7569.653744417845
2025-05-16 06:32:05.739302,127,155,41,74.92658191379566,1846.0430168133416
2025-05-16 06:32:10.739302,155,198,8,98.8047115289724,2186.994625717796
2025-05-16 06:32:15.739302,77,176,14,79.23471014015661,3445.0066220266367
2025-05-16 06:32:20.739302,107,133,45,24.040784476071956,1643.6616670399108
2025-05-16 06:32:25.739302,117,63,49,74.66964581185464,4556.751904408064
2025-05-16 06:32:30.739302,38,75,46,30.296552268271043,1858.4867685023305
2025-05-16 06:32:35.739302,55,250,13,28.06499916433779,7948.09269591327
2025-05-16 06:32:40.739302,151,208,28,41.169157207430246,4892.5184283106255
2025-05-16 06:32:45.739302,181,154,3,48.67098330260005,1032.757079650405
2025-05-16 06:32:50.739302,48,13,7,36.01530306143074,2171.08800632932
2025-05-16 06:32:55.739302,155,93,8,27.562756663906864,5393.12765201688
2025-05-16 06:33:00.739302,16,197,6,10.646309430869143,3725.930450033769
2025-05-16 06:33:05.739302,123,20,44,88.01750072865795,3702.9538578251154
2025-05-16 06:33:10.739302,29,99,31,74.5822324017413,2827.906851107923
2025-05-16 06:33:15.739302,147,77,28,67.40431540119202,7476.711210417615
2025-05-16 06:33:20.739302,136,38,27,92.54234498014256,7983.462957759233
2025-05-16 06:33:25.739302,13,8,49,28.589607347756633,5383.519016517373
2025-05-16 06:33:30.739302,153,87,15,18.699211512733264,855.4089552502984
2025-05-16 06:33:35.739302,74,61,31,64.34362829979247,941.7737993559857
2025-05-16 06:33:40.739302,189,117,46,90.75514427207389,1749.1249836794284
2025-05-16 06:33:45.739302,65,78,10,76.9643868345775,5817.594095971498
2025-05-16 06:33:50.739302,86,75,10,11.774497292506265,4529.750509178753
2025-05-16 06:33:55.739302,177,46,26,22.10757454558994,2325.8237922004537
2025-05-16 06:34:00.739302,173,68,12,36.25604137076043,3289.5008786738495
2025-05-16 06:34:05.739302,175,44,44,51.121646451570065,2739.8611429077055
2025-05-16 06:34:10.739302,81,5,42,37.946615695169996,732.5413981498484
2025-05-16 06:34:15.739302,33,13,23,80.28651888084981,7685.517496165133
2025-05-16 06:34:20.739302,199,38,9,20.571578280076913,2558.7974286563285
2025-05-16 06:34:25.739302,109,52,17,71.21724972550263,6090.488406950906
2025-05-16 06:34:30.739302,124,10,8,67.34424206578802,7037.086213234576
2025-05-16 06:34:35.739302,144,87,32,58.52019927698674,4696.302278260517
2025-05-16 06:34:40.739302,124,39,9,99.88940629440924,2737.779270797819
2025-05-16 06:34:45.739302,168,5,20,15.459746567108557,2829.602176130988
2025-05-16 06:34:50.739302,94,57,44,88.59367867249846,1372.6556480755967
2025-05-16 06:34:55.739302,26,255,40,21.64831564818486,4967.4768796911485
2025-05-16 06:35:00.739302,38,141,18,38.85213397149616,7385.119389622123
2025-05-16 06:35:05.739302,71,8,32,74.68192986058698,1724.5321651748284
2025-05-16 06:35:10.739302,25,75,48,70.31633197350382,4060.902478818115
2025-05-16 06:35:15.739302,57,281,49,13.697594027683392,286.4746161086033
2025-05-16 06:35:20.739302,73,230,47,55.503997682524385,4857.151013275564
2025-05-16 06:35:25.739302,42,3,49,40.20912068649974,6640.754431413211
2025-05-16 06:35:30.739302,122,258,1,56.76280798392899,6212.932868382877
2025-05-16 06:35:35.739302,26,159,32,85.84043839742527,2510.3088333517976
2025-05-16 06:35:40.739302,139,27,48,25.34748145828614,366.7726130616121
2025-05-16 06:35:45.739302,110,54,42,99.73099840744769,647.2966588433474
2025-05-16 06:35:50.739302,80,18,19,35.26016042677692,3359.560165357554
2025-05-16 06:35:55.739302,65,201,2,13.928966660599809,2743.9963866914927
2025-05-16 06:36:00.739302,93,87,26,55.472976613677815,6634.480395079453
2025-05-16 06:36:05.739302,80,313,6,97.1606023010973,4461.1606272387935
2025-05-16 06:36:10.739302,27,52,11,92.25500069546385,3287.595341990724
2025-05-16 06:36:15.739302,78,80,49,40.25987035821012,5562.185204335081
2025-05-16 06:36:20.739302,163,72,38,60.846662906035405,1812.279746483477
2025-05-16 06:36:25.739302,183,28,1,84.09055246910326,990.0008151960805
2025-05-16 06:36:30.739302,182,42,29,55.13237098903457,7985.641603607269
2025-05-16 06:36:35.739302,112,55,38,79.7741092118752,3712.110568220895
2025-05-16 06:36:40.739302,106,170,40,54.81701545307768,3559.6323743966745
2025-05-16 06:36:45.739302,49,6,38,25.559235610915678,8147.880787277244
2025-05-16 06:36:50.739302,135,44,12,22.911633302749195,2091.692802593124
2025-05-16 06:36:55.739302,112,45,2,49.16345886201756,1879.2145795194006
2025-05-16 06:37:00.739302,44,53,4,29.744696668348272,6772.8765149727
2025-05-16 06:37:05.739302,192,288,44,27.437283018983123,3305.940223068541
2025-05-16 06:37:10.739302,148,81,43,79.08073155733388,7877.476723555326
2025-05-16 06:37:15.739302,180,12,18,64.94557143175825,959.0781531006176
2025-05-16 06:37:20.739302,112,309,49,96.95352643451531,6505.142395066801
2025-05-16 06:37:25.739302,185,65,41,45.014037038288095,7294.461892099485
2025-05-16 06:37:30.739302,44,28,5,61.97865750019971,5061.630150263306
2025-05-16 06:37:35.739302,170,25,40,42.28890850662488,7593.403702474414
2025-05-16 06:37:40.739302,157,50,8,42.37071748846149,4244.521505493486
2025-05-16 06:37:45.739302,166,142,10,47.85068842812143,5795.557503405601
2025-05-16 06:37:50.739302,32,40,21,77.20529390353943,5758.291151940534
2025-05-16 06:37:55.739302,73,296,40,76.2531888840721,1066.9867395096935
2025-05-16 06:38:00.739302,54,40,36,48.0049030412933,6539.6044984295295
2025-05-16 06:38:05.739302,184,39,16,40.653629104760995,5226.294798810254
2025-05-16 06:38:10.739302,117,110,35,91.40484543640649,2767.0335755353867
2025-05-16 06:38:15.739302,40,67,24,15.361505561921266,6705.228905479095
2025-05-16 06:38:20.739302,109,178,20,44.51610445335162,4199.315782690571
2025-05-16 06:38:25.739302,66,480,46,97.45489941228375,6575.482356400102
2025-05-16 06:38:30.739302,69,81,13,72.74291478393978,3136.016663047315
2025-05-16 06:38:35.739302,132,32,29,30.353272677976303,6865.7029785820505
2025-05-16 06:38:40.739302,167,136,6,69.15512153545879,7225.84077937853
2025-05-16 06:38:45.739302,174,21,20,58.796407128574,7933.545679196282
2025-05-16 06:38:50.739302,98,103,43,16.821301259894334,2695.102243554207
2025-05-16 06:38:55.739302,41,10,25,20.779600637068036,7559.774043970124
2025-05-16 06:39:00.739302,65,98,37,93.27706824385366,2412.898981448966
2025-05-16 06:39:05.739302,190,139,22,60.12815927593337,5354.33286042543
2025-05-16 06:39:10.739302,97,28,8,13.478203364318318,1087.8291006422508
2025-05-16 06:39:15.739302,18,41,16,72.80860912155543,5861.104471389691
2025-05-16 06:39:20.739302,158,68,10,16.232847415786832,5402.01920670748
2025-05-16 06:39:25.739302,31,8,48,43.58205381371313,7743.897483115968
2025-05-16 06:39:30.739302,173,332,20,89.17910885552769,6877.977163629641
2025-05-16 06:39:35.739302,137,10,30,80.45876375976587,6684.674948208673
2025-05-16 06:39:40.739302,129,48,44,54.531806642969116,5653.839356604342
2025-05-16 06:39:45.739302,43,36,26,61.27571162525112,6475.732572781866
2025-05-16 06:39:50.739302,38,74,36,45.54210127728995,299.9040404706478
2025-05-16 06:39:55.739302,72,12,19,31.456586493742908,7681.824237809111
2025-05-16 06:40:00.739302,158,21,35,17.364021844100073,2034.2346492003762
2025-05-16 06:40:05.739302,142,377,28,13.637528011549149,7461.15956180026
2025-05-16 06:40:10.739302,183,127,7,17.990240118730256,1896.667271692125
2025-05-16 06:40:15.739302,138,84,35,76.61309470340629,871.1065854744786
2025-05-16 06:40:20.739302,57,80,1,51.82070380984708,4580.199738233866
2025-05-16 06:40:25.739302,35,12,10,79.58672990649762,4290.0519933836
2025-05-16 06:40:30.739302,150,53,15,51.311011135685085,1404.8841354584938
2025-05-16 06:40:35.739302,73,12,27,58.395433594018996,6595.047276856128
2025-05-16 06:40:40.739302,57,16,49,81.29081336912411,2725.7937217351646
2025-05-16 06:40:45.739302,96,57,31,57.803972862064775,2038.6043386980318
2025-05-16 06:40:50.739302,184,24,40,47.48325715648563,394.86010282429993
2025-05-16 06:40:55.739302,137,245,29,81.26194584704916,4186.396576697796
2025-05-16 06:41:00.739302,36,23,18,44.18677630311223,1515.465689370882
2025-05-16 06:41:05.739302,78,197,29,33.04313068690875,5904.423302196046
2025-05-16 06:41:10.739302,125,40,13,65.62162697574854,2579.82965192632
2025-05-16 06:41:15.739302,90,9,49,87.36482278583935,4582.187723191526
2025-05-16 06:41:20.739302,55,17,9,43.854221761588505,5237.044396971055
2025-05-16 06:41:25.739302,180,30,8,88.79077867089502,4843.462916318082
2025-05-16 06:41:30.739302,64,38,47,23.716320384366504,1949.4560484980047
2025-05-16 06:41:35.739302,146,132,15,52.92439645760985,6873.224663009712
2025-05-16 06:41:40.739302,91,85,33,32.42771350276335,3320.4099604864946
2025-05-16 06:41:45.739302,197,48,23,26.191859616342683,1555.564118353308
2025-05-16 06:41:50.739302,124,44,1,45.33863486096618,4986.4788082117375
2025-05-16 06:41:55.739302,179,177,27,33.347922305529174,5774.850035243123
2025-05-16 06:42:00.739302,14,56,47,28.23411343205427,7687.950104896038
2025-05-16 06:42:05.739302,69,6,25,79.3355064695237,6940.674038433444
2025-05-16 06:42:10.739302,146,93,20,26.065781230771993,1226.6713013693106
2025-05-16 06:42:15.739302,125,20,22,77.31653746172073,6607.459026606604
2025-05-16 06:42:20.739302,196,103,28,72.70723220466047,2580.4276664627914
2025-05-16 06:42:25.739302,35,172,7,76.33831443949478,2317.3051131145
2025-05-16 06:42:30.739302,41,39,15,51.66282743068732,7906.182311461443
2025-05-16 06:42:35.739302,65,165,24,30.789195511346175,1109.7412745780402
2025-05-16 06:42:40.739302,126,308,42,18.982998652148545,3493.971178623112
2025-05-16 06:42:45.739302,148,29,15,50.772173843564445,868.0053008494282
2025-05-16 06:42:50.739302,10,9,8,61.60862137834863,1320.3757424717835
2025-05-16 06:42:55.739302,156,52,11,61.79106038046676,6787.569706986267
2025-05-16 06:43:00.739302,11,387,19,82.7105741785038,7079.499305466851
2025-05-16 06:43:05.739302,69,50,9,23.133178023186797,7961.767357185872
2025-05-16 06:43:10.739302,58,20,1,51.95173069064493,3455.355929324112
2025-05-16 06:43:15.739302,46,103,32,12.53479132360062,3045.6990515429657
2025-05-16 06:43:20.739302,89,27,29,53.24872554475959,4928.950565907064
2025-05-16 06:43:25.739302,114,104,8,67.60243623975163,7044.105015417337
2025-05-16 06:43:30.739302,188,137,27,27.682601193207187,6073.696799685273
2025-05-16 06:43:35.739302,105,25,49,61.40651499164466,1500.3754427973458
2025-05-16 06:43:40.739302,109,5,2,46.79161569688069,8184.243208080665
2025-05-16 06:43:45.739302,94,48,23,27.63129216069812,4804.19868329031
2025-05-16 06:43:50.739302,152,31,30,74.76053053016514,5319.090583024605
2025-05-16 06:43:55.739302,160,227,49,36.86499616239507,7278.947741236876
2025-05-16 06:44:00.739302,106,100,7,19.280667454427142,5383.350916851639
2025-05-16 06:44:05.739302,138,93,49,54.50541859062726,3966.24752714411
2025-05-16 06:44:10.739302,173,46,16,32.65191214674756,5114.596673879607
2025-05-16 06:44:15.739302,37,71,21,90.39950330549047,7580.201839065459
2025-05-16 06:44:20.739302,34,242,31,43.493257714710595,982.1437634293625
2025-05-16 06:44:25.739302,146,67,13,39.368340500974114,6416.791984709748
2025-05-16 06:44:30.739302,108,156,49,72.8018243343485,4924.228199222881
2025-05-16 06:44:35.739302,26,62,14,38.36987982707212,4536.610195586063
2025-05-16 06:44:40.739302,63,73,3,42.58800620939467,6137.032334244396
2025-05-16 06:44:45.739302,75,67,41,84.77929800192165,2855.116829368789
2025-05-16 06:44:50.739302,139,15,36,11.931066805511822,6218.501812137413
2025-05-16 06:44:55.739302,58,134,29,66.28323856769714,5328.206067858018
2025-05-16 06:45:00.739302,122,102,34,37.263921347494275,3612.2138163506365
2025-05-16 06:45:05.739302,174,79,32,49.68563257192925,4371.229470228656
2025-05-16 06:45:10.739302,114,128,42,24.890325504419522,4372.5098978009955
2025-05-16 06:45:15.739302,18,118,2,78.31640910612747,3339.1386344898447
2025-05-16 06:45:20.739302,172,155,39,93.53804435443716,2193.8558021516465
2025-05-16 06:45:25.739302,169,107,39,68.62330144547609,3486.258561757561
2025-05-16 06:45:30.739302,14,49,18,12.895257342447993,6142.788956406089
2025-05-16 06:45:35.739302,145,7,34,21.437952483819764,1770.7166000096051
2025-05-16 06:45:40.739302,30,53,13,79.32220589789412,2662.092973230369
2025-05-16 06:45:45.739302,185,31,13,99.50911148394152,3526.853395282635
2025-05-16 06:45:50.739302,54,66,7,13.320636995066002,2779.3464612796106
2025-05-16 06:45:55.739302,97,8,21,79.72305276881428,1274.3102529347648
2025-05-16 06:46:00.739302,88,104,48,42.583032089424094,339.25382980589916
2025-05-16 06:46:05.739302,123,128,45,13.130088453910947,4785.0438290071415
2025-05-16 06:46:10.739302,15,159,1,50.74609357466012,7408.987436644372
2025-05-16 06:46:15.739302,98,83,14,27.78496287695319,7920.291413737438
2025-05-16 06:46:20.739302,188,122,32,13.582167939054708,4327.17300253558
2025-05-16 06:46:25.739302,36,406,27,53.52972272447141,7808.050233536494
2025-05-16 06:46:30.739302,37,52,47,87.7351482061452,7103.1337810204
2025-05-16 06:46:35.739302,163,60,20,44.87917020343368,2859.140944455741
2025-05-16 06:46:40.739302,26,254,25,70.75595182871979,5531.439675412044
2025-05-16 06:46:45.739302,100,146,11,60.56475016696734,4253.645737868095
2025-05-16 06:46:50.739302,158,134,7,80.02976289916288,5655.404448588328
2025-05-16 06:46:55.739302,141,89,16,77.37115174404447,6302.1959080130555
2025-05-16 06:47:00.739302,66,75,25,58.1841661000259,5481.561552457751
2025-05-16 06:47:05.739302,29,42,19,13.941634703374557,4642.548137529185
2025-05-16 06:47:10.739302,64,20,9,46.419502808915816,4803.668238272145
2025-05-16 06:47:15.739302,47,99,22,74.28151388805372,7830.981759966845
2025-05-16 06:47:20.739302,44,220,21,84.13699871719365,3795.3179383852334
2025-05-16 06:47:25.739302,135,93,40,51.48149850747329,5706.492791633424
2025-05-16 06:47:30.739302,15,66,25,61.91352012461873,1354.4134546255589
2025-05-16 06:47:35.739302,121,22,47,32.43401096206502,1635.8738491096185
2025-05-16 06:47:40.739302,167,416,11,31.442515984557176,1881.3140837984295
2025-05-16 06:47:45.739302,32,199,9,40.99252170450876,6304.389468255142
2025-05-16 06:47:50.739302,25,82,12,61.53551789424608,2540.3018932383206
2025-05-16 06:47:55.739302,192,120,10,41.61735909364707,7230.869718982502
2025-05-16 06:48:00.739302,176,413,39,83.25502131740699,2392.35143822049
2025-05-16 06:48:05.739302,163,23,48,33.246137233248724,6218.571802438648
2025-05-16 06:48:10.739302,90,33,41,88.26558093116253,3198.9009337513025
2025-05-16 06:48:15.739302,43,34,39,90.01240218591046,7024.147176749276
2025-05-16 06:48:20.739302,108,43,16,46.4085172408588,6347.633003777358
2025-05-16 06:48:25.739302,88,314,7,97.57956937306469,5598.251666635931
2025-05-16 06:48:30.739302,159,9,15,25.961651247180363,660.2550685162656
2025-05-16 06:48:35.739302,148,123,22,84.84893780220288,3815.706889270964
2025-05-16 06:48:40.739302,149,39,5,82.90272895026037,2393.3884274462744
2025-05-16 06:48:45.739302,86,99,12,75.54471800898416,610.3119930345697
2025-05-16 06:48:50.739302,55,149,46,27.138405523035416,4826.759179687438
2025-05-16 06:48:55.739302,157,192,11,55.01911464777266,7975.11665945435
2025-05-16 06:49:00.739302,92,12,15,96.08442675630322,2216.0351947657036
2025-05-16 06:49:05.739302,189,213,16,63.31517731371456,5624.401513137099
2025-05-16 06:49:10.739302,36,93,26,99.19012468343021,7189.687773698775
2025-05-16 06:49:15.739302,100,428,41,24.003784025818277,8107.4633784515645
2025-05-16 06:49:20.739302,184,27,8,53.562225368100265,3328.605992808715
2025-05-16 06:49:25.739302,64,230,27,72.75393783823496,6642.477346950333
2025-05-16 06:49:30.739302,161,1,14,54.78667050725864,7468.622717849366
2025-05-16 06:49:35.739302,32,137,4,80.46408549541097,5746.88851412202
2025-05-16 06:49:40.739302,196,31,10,26.847163773777098,6632.3493688767285
2025-05-16 06:49:45.739302,64,189,22,18.594318450476774,3196.6277888062314
2025-05-16 06:49:50.739302,106,46,30,41.11449229452359,555.3296571192836
2025-05-16 06:49:55.739302,47,686,8,62.26309905944952,2446.9466955688154
2025-05-16 06:50:00.739302,51,62,27,20.809526342378483,3712.6909626870365
2025-05-16 06:50:05.739302,76,45,27,59.384042546148656,7769.637264875574
2025-05-16 06:50:10.739302,139,30,10,45.64706110662681,6134.2618284508635
2025-05-16 06:50:15.739302,196,34,48,27.138250396243293,5132.141422075018
2025-05-16 06:50:20.739302,195,28,33,40.00729536774317,4304.245592681336
2025-05-16 06:50:25.739302,151,239,18,18.49140550476389,6157.060250094892
2025-05-16 06:50:30.739302,39,41,38,23.946704485539193,4733.933292777978
2025-05-16 06:50:35.739302,55,78,8,85.16505034385737,7961.694991538067
2025-05-16 06:50:40.739302,194,165,36,70.47851986890726,6153.131481826667
2025-05-16 06:50:45.739302,171,69,40,27.987915513860052,3345.4735305194417
2025-05-16 06:50:50.739302,98,9,31,98.26209178736943,3865.7993863647175
2025-05-16 06:50:55.739302,180,67,12,95.921581561723,5014.42074073089
2025-05-16 06:51:00.739302,62,324,41,69.110234341399,4676.611400656029
2025-05-16 06:51:05.739302,51,12,34,15.62174735170965,7366.324448539897
2025-05-16 06:51:10.739302,194,39,38,69.90945936972443,3504.5389352799266
2025-05-16 06:51:15.739302,13,28,26,91.8661182577769,827.5864394604903
2025-05-16 06:51:20.739302,180,64,20,86.06024962533631,6324.373822536114
2025-05-16 06:51:25.739302,197,158,27,28.357575927425017,2401.5438009737777
2025-05-16 06:51:30.739302,136,243,5,11.637035132419397,1082.4192172965727
2025-05-16 06:51:35.739302,85,13,33,61.9643499273178,5303.347294394904
2025-05-16 06:51:40.739302,172,59,31,75.06382840118135,836.5658111891811
2025-05-16 06:51:45.739302,144,32,41,46.766861238942084,288.0728074324203
2025-05-16 06:51:50.739302,76,143,23,39.773765744473835,1375.3158734364117
2025-05-16 06:51:55.739302,50,0,7,53.57257786875881,3535.412125446318
2025-05-16 06:52:00.739302,126,47,38,85.60440650177178,2403.6962894810736
2025-05-16 06:52:05.739302,44,128,46,75.72535212311504,5182.240629858822
2025-05-16 06:52:10.739302,81,82,37,40.89010962446163,3426.1723219975797
2025-05-16 06:52:15.739302,132,30,18,24.007720237104213,5390.96486525022
2025-05-16 06:52:20.739302,33,37,35,18.925620911967606,1512.8422765852945
2025-05-16 06:52:25.739302,86,256,8,31.35967610582132,2893.4170813754945
2025-05-16 06:52:30.739302,171,96,11,16.50943931364031,4553.957092624589
2025-05-16 06:52:35.739302,37,37,37,55.91174579396411,7897.183219815763
2025-05-16 06:52:40.739302,160,7,7,45.69868955507561,3431.552902088255
2025-05-16 06:52:45.739302,88,71,27,11.064128947707298,8113.359526160025
2025-05-16 06:52:50.739302,24,93,38,32.84417969588546,4905.295868527655
2025-05-16 06:52:55.739302,159,66,44,87.64307125980125,6900.020484310393
2025-05-16 06:53:00.739302,194,12,11,84.57154398947124,6351.933380061077
2025-05-16 06:53:05.739302,185,18,22,28.575236971928785,4401.428906598975
2025-05-16 06:53:10.739302,133,255,49,16.93221307905364,3700.9208880028727
2025-05-16 06:53:15.739302,56,48,16,25.321231604935534,1419.2047655764281
2025-05-16 06:53:20.739302,48,106,15,48.26439905544999,6077.577405370273
2025-05-16 06:53:25.739302,137,4,33,90.20500870847597,7525.204418263559
2025-05-16 06:53:30.739302,148,188,48,22.81094577929371,4368.760116862585
2025-05-16 06:53:35.739302,82,6,26,89.56602760913647,6179.344772049256
2025-05-16 06:53:40.739302,65,340,42,91.04872551236093,3934.1714549684543
2025-05-16 06:53:45.739302,159,15,8,21.093328817516564,7270.795177728734
2025-05-16 06:53:50.739302,112,3,44,51.40749242023734,1800.5826386700135
2025-05-16 06:53:55.739302,191,111,45,13.835377647239973,2913.9420153768538
2025-05-16 06:54:00.739302,112,91,42,96.18134510990468,2741.357076233721
2025-05-16 06:54:05.739302,98,45,36,79.7414116332865,375.64662685811527
2025-05-16 06:54:10.739302,134,164,40,77.81644668364315,2961.8326619627705
2025-05-16 06:54:15.739302,128,82,34,10.922220585641938,7254.6763478820985
2025-05-16 06:54:20.739302,148,131,36,94.67761541022439,685.0807602080574
2025-05-16 06:54:25.739302,166,179,9,47.40698390263279,2890.900662721556
2025-05-16 06:54:30.739302,115,81,27,47.32471611156611,5464.1961943588785
2025-05-16 06:54:35.739302,76,305,25,62.79784559619209,2077.0223077347973
2025-05-16 06:54:40.739302,135,64,48,77.4073841224202,3790.147090240395
2025-05-16 06:54:45.739302,53,43,47,97.76996668910373,2364.472250040128
2025-05-16 06:54:50.739302,53,437,40,42.21936219538206,411.9398657005293
2025-05-16 06:54:55.739302,182,77,43,90.24240474568268,2849.7554565240694
2025-05-16 06:55:00.739302,186,3,39,70.66646488797582,2145.5432893800553
2025-05-16 06:55:05.739302,185,393,21,29.6796158845434,3124.3475092279814
2025-05-16 06:55:10.739302,92,74,6,30.523620083042992,2361.064934318763
2025-05-16 06:55:15.739302,169,155,14,70.33427393723896,2802.8243551754626
2025-05-16 06:55:20.739302,129,102,15,62.107421663486356,6219.0574113884095
2025-05-16 06:55:25.739302,14,113,18,97.96692068151911,1412.2164901337396
2025-05-16 06:55:30.739302,62,199,44,27.38158563614217,4336.650529522176
2025-05-16 06:55:35.739302,121,54,31,93.86200364993186,2411.160329143645
2025-05-16 06:55:40.739302,144,99,29,82.90279256204076,785.1699884017858
2025-05-16 06:55:45.739302,96,224,45,19.540676314869366,6550.3713427143175
2025-05-16 06:55:50.739302,122,333,22,30.578939434332103,4837.251964071678
2025-05-16 06:55:55.739302,187,48,3,82.22714783270727,2523.908346384369
2025-05-16 06:56:00.739302,20,32,45,45.55156198237437,564.3710257310864
2025-05-16 06:56:05.739302,23,31,7,57.07932501649824,4121.897820727343
2025-05-16 06:56:10.739302,103,525,12,30.408393855733323,6597.493476185781
2025-05-16 06:56:15.739302,82,169,42,37.83805673617762,3011.1557738342467
2025-05-16 06:56:20.739302,176,176,8,72.95995966654053,2653.2002072951977
2025-05-16 06:56:25.739302,88,64,41,36.718230786659674,1446.7487389041262
2025-05-16 06:56:30.739302,18,119,8,17.62777796016983,914.3618506434605
2025-05-16 06:56:35.739302,148,32,8,84.18659312439956,4582.683565986597
2025-05-16 06:56:40.739302,48,323,2,38.84673556724699,1353.7916925970032
2025-05-16 06:56:45.739302,191,134,11,59.26282242119646,2145.2950550220594
2025-05-16 06:56:50.739302,83,88,44,63.231402049053266,6947.846485983687
2025-05-16 06:56:55.739302,30,65,18,11.010588168868392,5896.221958797596
2025-05-16 06:57:00.739302,127,14,13,55.20732327851313,2019.108295122366
2025-05-16 06:57:05.739302,130,349,22,41.3912071914083,6340.809722650721
2025-05-16 06:57:10.739302,83,34,31,91.25439153588464,5155.581733487395
2025-05-16 06:57:15.739302,65,274,39,21.543081716268055,7726.366059601507
2025-05-16 06:57:20.739302,22,29,40,65.33077233307387,6577.186763195943
2025-05-16 06:57:25.739302,120,61,45,34.51816822361097,5534.595298293778
2025-05-16 06:57:30.739302,108,66,34,25.179218902229263,4758.935012441412
2025-05-16 06:57:35.739302,17,14,30,41.402199222247184,2300.5001481261443
2025-05-16 06:57:40.739302,116,327,46,67.42094704572361,2485.85916091922
2025-05-16 06:57:45.739302,148,87,20,54.89151272436591,5816.886070674613
2025-05-16 06:57:50.739302,99,22,1,17.282726811689997,3672.732059761702
2025-05-16 06:57:55.739302,82,113,7,57.03441352244778,6608.84383019188
2025-05-16 06:58:00.739302,147,137,36,18.744717034660397,5064.056603815635
2025-05-16 06:58:05.739302,109,53,42,23.85951284856231,4606.084146058468
2025-05-16 06:58:10.739302,68,146,22,69.24258550673774,2261.990760169303
2025-05-16 06:58:15.739302,33,113,34,20.834644661585834,2283.1264273161614
2025-05-16 06:58:20.739302,180,12,47,62.4924066044585,4163.469571285834
2025-05-16 06:58:25.739302,172,31,25,29.469334106615282,5450.803919703148
2025-05-16 06:58:30.739302,14,87,34,69.9851748634361,4552.813584015691
2025-05-16 06:58:35.739302,150,45,22,10.123196466403602,1665.0440309930018
2025-05-16 06:58:40.739302,66,86,11,51.702531462487926,7014.6868828931965
2025-05-16 06:58:45.739302,83,314,47,85.45684608460726,8006.965804579351
2025-05-16 06:58:50.739302,144,7,33,95.0678068689881,3855.0901758181894
2025-05-16 06:58:55.739302,94,20,1,67.28312099967178,5779.275562741548
2025-05-16 06:59:00.739302,42,47,26,59.43810117634364,3560.30844255474
2025-05-16 06:59:05.739302,176,202,16,47.20675237687573,2394.144812194294
2025-05-16 06:59:10.739302,147,84,15,59.00110296065471,1325.9021938119108
2025-05-16 06:59:15.739302,79,67,22,66.8156836310801,1703.6245685996473
