timestamp,query_type,query_priority,data_access_rate_MBps,system_CPU_usage_percent,system_memory_MB
2025-05-16 05:36:00.714212,SELECT,3,43.94465765321546,68.9972886783923,6900.36402709533
2025-05-16 05:36:05.714212,UPDATE,5,49.75406949008134,84.00747964971887,3495.4293342644387
2025-05-16 05:36:10.714212,INSERT,7,86.97582659899317,31.476725753922594,3859.5964687966607
2025-05-16 05:36:15.714212,INSERT,9,93.05870068573975,28.26041119451915,6761.590896066675
2025-05-16 05:36:20.714212,INSERT,8,32.173758283294035,56.76246177568704,2615.661993331661
2025-05-16 05:36:25.714212,SELECT,9,52.5078654312936,19.492422076159972,4006.488158979442
2025-05-16 05:36:30.714212,DELETE,4,15.632293156456626,54.67396100526366,7481.733219248863
2025-05-16 05:36:35.714212,INSERT,1,39.840671955738316,81.88068807442464,7157.166087466211
2025-05-16 05:36:40.714212,DELETE,3,67.13417800999828,18.27964772117656,4579.609405309116
2025-05-16 05:36:45.714212,INSERT,6,12.478524854205794,22.826907910713203,3661.690158213534
2025-05-16 05:36:50.714212,UPDATE,8,94.02423610634382,50.49158202395301,645.9955849207922
2025-05-16 05:36:55.714212,DELETE,2,55.10371213487251,48.14650394178473,2859.6359993523006
2025-05-16 05:37:00.714212,UPDATE,2,88.17637407573602,23.922810286214464,7420.437279781467
2025-05-16 05:37:05.714212,UPDATE,3,52.880422199661155,30.143337530080963,3056.660597163665
2025-05-16 05:37:10.714212,UPDATE,4,35.15787072869797,73.57584764403919,4005.9640269720926
2025-05-16 05:37:15.714212,SELECT,9,45.56389859331707,35.59683609363445,4670.822698004878
2025-05-16 05:37:20.714212,INSERT,3,64.3185470221803,23.826057486201577,6115.209852606718
2025-05-16 05:37:25.714212,UPDATE,9,68.43238063291363,41.650026308682996,3353.3089404879447
2025-05-16 05:37:30.714212,DELETE,9,73.56532917949357,33.97916995857511,6855.0305541155585
2025-05-16 05:37:35.714212,DELETE,9,33.374662189097016,27.504344061203376,5551.939904024653
2025-05-16 05:37:40.714212,UPDATE,5,71.42443321524138,85.27621888915566,2351.364414479339
2025-05-16 05:37:45.714212,DELETE,2,31.41754755533857,47.2710932406377,4112.902551236421
2025-05-16 05:37:50.714212,UPDATE,8,75.89566704884787,55.11982886876084,2548.9314342907637
2025-05-16 05:37:55.714212,DELETE,6,68.87298904739148,82.42807015123239,7377.209095764671
2025-05-16 05:38:00.714212,INSERT,2,79.87406733722824,51.943670281564394,7610.294764129898
2025-05-16 05:38:05.714212,DELETE,6,76.12617897112125,66.76502865170428,2590.4470364661497
2025-05-16 05:38:10.714212,SELECT,8,39.56729349014441,32.45094481206693,3951.4146187432816
2025-05-16 05:38:15.714212,DELETE,2,51.032204154833764,64.07176403359335,6101.475871234785
2025-05-16 05:38:20.714212,SELECT,1,57.70404706058421,57.790651486226366,6649.736738814376
2025-05-16 05:38:25.714212,DELETE,1,85.19019083071319,36.44484308951472,1987.7277292369058
2025-05-16 05:38:30.714212,INSERT,1,18.608462211733166,38.46071099676233,688.9316382960102
2025-05-16 05:38:35.714212,SELECT,9,15.823475920119312,69.54810388412024,2860.9198002728344
2025-05-16 05:38:40.714212,SELECT,3,29.416950255179174,76.70375388927391,3609.1041051610687
2025-05-16 05:38:45.714212,INSERT,4,53.49897867399978,74.45281483902404,7097.68284681645
2025-05-16 05:38:50.714212,SELECT,3,34.526216334354196,65.11685183737913,1107.5105531060267
2025-05-16 05:38:55.714212,DELETE,9,96.9929325690908,28.04707603309143,3656.8988589344426
2025-05-16 05:39:00.714212,SELECT,4,83.33898060760703,47.28730027322562,4750.702743315565
2025-05-16 05:39:05.714212,DELETE,7,15.200522125391675,48.14454091118133,7341.111510122245
2025-05-16 05:39:10.714212,DELETE,8,34.735163749596246,68.51286096734977,1268.461238598364
2025-05-16 05:39:15.714212,INSERT,2,89.37960206728293,34.61008190858785,7286.551024307771
2025-05-16 05:39:20.714212,SELECT,8,78.05296142862134,40.01996837962983,1666.021764320301
2025-05-16 05:39:25.714212,DELETE,7,72.60955227327759,38.21038928963519,2268.3070902531363
2025-05-16 05:39:30.714212,UPDATE,3,95.36267713070526,44.2099799597655,7917.729065770995
2025-05-16 05:39:35.714212,INSERT,9,42.75165601029855,56.87974743596272,2404.9888412321225
2025-05-16 05:39:40.714212,UPDATE,2,52.51298541678364,27.133432975596214,4885.6351857888085
2025-05-16 05:39:45.714212,DELETE,6,82.86528947066186,46.682841953782244,2492.1902834079965
2025-05-16 05:39:50.714212,DELETE,9,75.13411693552706,41.59354247181898,3779.259294304259
2025-05-16 05:39:55.714212,SELECT,7,24.67687329268528,51.59800127725104,6769.614940614488
2025-05-16 05:40:00.714212,INSERT,5,73.93360243141294,86.66334640945001,3941.7389155318638
2025-05-16 05:40:05.714212,DELETE,7,18.363229557218336,31.10552284961563,7602.44623584592
2025-05-16 05:40:10.714212,UPDATE,4,42.87056143006733,23.13219134679308,1344.7900677811167
2025-05-16 05:40:15.714212,DELETE,5,43.33804244525033,65.62721302374297,4613.549863573152
2025-05-16 05:40:20.714212,INSERT,9,31.6610012948559,47.799772554409316,808.3011883313004
2025-05-16 05:40:25.714212,DELETE,2,32.91490259424082,78.15023665665508,3956.435560772674
2025-05-16 05:40:30.714212,SELECT,7,97.1473985588012,34.60074289564218,2550.7528715436465
2025-05-16 05:40:35.714212,UPDATE,9,79.79716553374472,37.635951611212604,2282.0193349170477
2025-05-16 05:40:40.714212,UPDATE,2,23.49464778603164,57.72935830794653,6126.852983516949
2025-05-16 05:40:45.714212,SELECT,8,99.36105073053162,18.257978645345148,7734.9189372640985
2025-05-16 05:40:50.714212,INSERT,9,96.54600850121064,17.701066856519887,6793.651687709129
2025-05-16 05:40:55.714212,UPDATE,5,69.1572670379615,53.46979102639996,2142.8362983480197
2025-05-16 05:41:00.714212,UPDATE,5,85.41739498188419,76.10330368681386,5488.0635950511505
2025-05-16 05:41:05.714212,UPDATE,5,94.64959062860171,21.50971562101781,6343.364189413923
2025-05-16 05:41:10.714212,INSERT,3,54.14760536105846,60.66020445930838,6896.907631596923
2025-05-16 05:41:15.714212,DELETE,2,62.356320356197315,46.96921070754744,3269.8378662472933
2025-05-16 05:41:20.714212,SELECT,5,91.64459272357588,34.138238737439785,6465.829823874523
2025-05-16 05:41:25.714212,INSERT,3,17.341188771285054,18.652316899233128,6732.605825368366
2025-05-16 05:41:30.714212,INSERT,1,89.35345554178517,36.29633313136547,2961.6383977525657
2025-05-16 05:41:35.714212,SELECT,5,53.58159139295002,75.97314275579306,7248.423154754144
2025-05-16 05:41:40.714212,DELETE,1,62.40077928182868,68.07468461159502,1974.7752694689252
2025-05-16 05:41:45.714212,SELECT,5,11.60619061407913,24.980572650499944,3117.0080198586097
2025-05-16 05:41:50.714212,UPDATE,1,10.04694624454539,18.6824512157013,3875.502629952552
2025-05-16 05:41:55.714212,INSERT,3,76.35173582570454,84.78178089524175,7080.271195472491
2025-05-16 05:42:00.714212,SELECT,8,44.09762938120518,81.42298143891976,2338.4152831612146
2025-05-16 05:42:05.714212,DELETE,1,95.21369560620593,25.11029492172586,7201.212904458975
2025-05-16 05:42:10.714212,UPDATE,7,41.68843649998978,60.76184500976495,2931.4899470181563
2025-05-16 05:42:15.714212,INSERT,2,49.96183883211721,64.71725816894178,6721.295684799719
2025-05-16 05:42:20.714212,INSERT,7,82.12705861775589,40.55861410630086,5266.502691560096
2025-05-16 05:42:25.714212,UPDATE,9,11.616129316873604,27.138978021311317,5060.48377024874
2025-05-16 05:42:30.714212,DELETE,3,86.36048183001299,84.52613498905032,1326.1638465859642
2025-05-16 05:42:35.714212,UPDATE,2,87.7732759790944,73.22132528406996,3212.3366561510707
2025-05-16 05:42:40.714212,DELETE,2,60.17060940866942,68.74461786040841,7796.8868694189705
2025-05-16 05:42:45.714212,SELECT,9,31.496399985189505,11.24843567204894,5438.622060334951
2025-05-16 05:42:50.714212,SELECT,1,93.11900557218527,43.75234129024094,2464.3864619798405
2025-05-16 05:42:55.714212,INSERT,8,70.8586602059741,48.55683579155461,2018.5954311409723
2025-05-16 05:43:00.714212,DELETE,3,94.57475867531176,71.40943294169176,3031.660242533835
2025-05-16 05:43:05.714212,INSERT,1,12.510735361206125,32.9078463574229,5639.4424224789855
2025-05-16 05:43:10.714212,INSERT,8,55.16023977953349,75.49101863363182,5877.004814669677
2025-05-16 05:43:15.714212,SELECT,3,73.09596614253188,75.75026029855614,2539.804287628149
2025-05-16 05:43:20.714212,DELETE,4,37.45019130491161,51.2782846998368,5404.819229822069
2025-05-16 05:43:25.714212,DELETE,2,40.96459981966142,57.53742057401283,3081.392128193489
2025-05-16 05:43:30.714212,DELETE,4,42.983898467042685,88.6390686823986,4052.311146419624
2025-05-16 05:43:35.714212,UPDATE,4,28.337619934717008,40.136687570733976,6390.681523311127
2025-05-16 05:43:40.714212,UPDATE,9,80.59076856759474,59.839152826867505,5726.76297655007
2025-05-16 05:43:45.714212,UPDATE,9,20.686599087149652,67.67617779303019,2757.0970326004476
2025-05-16 05:43:50.714212,SELECT,1,62.76236083141403,83.70357324774999,4064.3866537796484
2025-05-16 05:43:55.714212,SELECT,7,61.83980803571129,58.1793185237682,5398.382141914136
2025-05-16 05:44:00.714212,DELETE,7,54.42683427072532,68.68247397071113,2412.490737972414
2025-05-16 05:44:05.714212,UPDATE,7,57.884894161957234,58.92538468615812,3213.1470900443373
2025-05-16 05:44:10.714212,INSERT,1,31.698681916518932,11.277895661027832,4161.854104654383
2025-05-16 05:44:15.714212,INSERT,5,10.620273930838847,77.54221101064603,3160.823306372393
2025-05-16 05:44:20.714212,INSERT,7,54.073967780345285,58.55461314624349,692.7165706155274
2025-05-16 05:44:25.714212,DELETE,5,30.390577974460587,50.49591797977777,7904.616839593375
2025-05-16 05:44:30.714212,INSERT,3,82.41549382213756,17.726644023168205,5356.715017064715
2025-05-16 05:44:35.714212,INSERT,4,92.29037661989702,56.04603574352951,2347.92258671581
2025-05-16 05:44:40.714212,UPDATE,3,65.80284236871395,48.34930317021805,3340.8644045924975
2025-05-16 05:44:45.714212,DELETE,7,56.34872388414691,30.805030320927827,7763.54353577681
2025-05-16 05:44:50.714212,INSERT,2,10.15998338350359,33.232707790399004,4520.967225192029
2025-05-16 05:44:55.714212,SELECT,6,88.5849296632097,14.378239961045889,2074.5244829078365
2025-05-16 05:45:00.714212,INSERT,8,34.559598317543035,28.12432292211314,5462.827051752387
2025-05-16 05:45:05.714212,UPDATE,9,40.07954057144249,52.10120691299931,1997.1600278773376
2025-05-16 05:45:10.714212,UPDATE,3,52.30046925263721,69.85091739123689,4318.543309860386
2025-05-16 05:45:15.714212,UPDATE,5,12.169657614410987,58.70806824372286,2086.680293065757
2025-05-16 05:45:20.714212,DELETE,6,98.96276439638643,66.8881938925014,5340.299100917925
2025-05-16 05:45:25.714212,INSERT,6,58.932399829328354,47.30053885907816,6747.0269837781525
2025-05-16 05:45:30.714212,UPDATE,6,10.579663468989384,86.2775377759744,535.8086570667014
2025-05-16 05:45:35.714212,DELETE,3,92.58645107956708,22.02657162268946,3944.0912002219898
2025-05-16 05:45:40.714212,SELECT,1,89.76679496375587,63.330189419847954,3112.638770941816
2025-05-16 05:45:45.714212,DELETE,3,33.82928044966791,23.970428134085235,7235.466481262565
2025-05-16 05:45:50.714212,SELECT,3,55.493657224184325,22.08357655850941,4658.807119862468
2025-05-16 05:45:55.714212,UPDATE,7,37.40676209469845,17.52564186474374,956.4704937290398
2025-05-16 05:46:00.714212,UPDATE,5,17.975844346078382,79.76336329119714,5226.79330252417
2025-05-16 05:46:05.714212,UPDATE,2,91.06588731033935,49.47895394271793,3720.5942074298155
2025-05-16 05:46:10.714212,SELECT,4,72.87690518460523,20.657400239506806,3808.170891214254
2025-05-16 05:46:15.714212,INSERT,5,19.735715807643167,88.75657607907539,4095.511648042525
2025-05-16 05:46:20.714212,UPDATE,6,75.19155004437339,85.28870839726244,7536.77973850241
2025-05-16 05:46:25.714212,DELETE,8,81.46826904105465,11.482139557259448,4829.199942978841
2025-05-16 05:46:30.714212,SELECT,6,76.14282325040925,48.770534470037475,4010.3047200640935
2025-05-16 05:46:35.714212,SELECT,7,23.040335057553847,78.67027976893853,1748.3460773490158
2025-05-16 05:46:40.714212,INSERT,2,67.19772369013265,75.3786394981732,1341.2233020877325
2025-05-16 05:46:45.714212,INSERT,3,99.59762305267677,80.57625834804813,8152.070548943769
2025-05-16 05:46:50.714212,UPDATE,8,17.925053249159824,76.97572947985918,4951.103437458702
2025-05-16 05:46:55.714212,SELECT,4,73.03494718138325,59.538418747763586,5408.235459110049
2025-05-16 05:47:00.714212,SELECT,8,24.504399493199905,35.59266630417103,602.1912536776229
2025-05-16 05:47:05.714212,DELETE,2,77.98893403723768,76.91347936545532,4110.530307993475
2025-05-16 05:47:10.714212,DELETE,6,68.5860370359687,61.852219169961636,6370.434630505953
2025-05-16 05:47:15.714212,UPDATE,3,59.5809228015013,37.15969951775758,4441.47810824185
2025-05-16 05:47:20.714212,SELECT,4,13.595634069730462,54.607843781634465,3725.5989022105873
2025-05-16 05:47:25.714212,INSERT,9,26.423552670097344,71.28310678669979,4174.147533078726
2025-05-16 05:47:30.714212,SELECT,1,90.15320169934421,75.75300261648563,6532.739525248047
2025-05-16 05:47:35.714212,DELETE,5,47.05606973052234,56.94941745348789,2600.75376170235
2025-05-16 05:47:40.714212,UPDATE,3,80.51445396497849,84.63177144072304,1225.7945054596046
2025-05-16 05:47:45.714212,INSERT,2,20.560882328753426,67.20954560767353,4745.525298948856
2025-05-16 05:47:50.714212,SELECT,1,48.73304810553463,11.887733090393917,998.5500979990634
2025-05-16 05:47:55.714212,INSERT,6,40.15811476224961,52.19056224565157,4902.844220996489
2025-05-16 05:48:00.714212,UPDATE,6,98.83544358619628,83.68578164851277,3439.068261556651
2025-05-16 05:48:05.714212,INSERT,7,48.19804163265159,27.17743343687907,3438.0845669859846
2025-05-16 05:48:10.714212,INSERT,5,37.494680749690744,52.7701886769668,2771.2106998282184
2025-05-16 05:48:15.714212,DELETE,9,51.746725907101876,51.73914680080041,6402.127503901103
2025-05-16 05:48:20.714212,SELECT,3,86.25564893317375,10.275190969907744,3082.1804981778314
2025-05-16 05:48:25.714212,INSERT,4,59.39312709552772,84.37128878398599,3904.4020348602935
2025-05-16 05:48:30.714212,INSERT,1,97.90106827047848,80.34137370774124,6337.132272938363
2025-05-16 05:48:35.714212,SELECT,9,22.16495363555164,34.31632073733454,6986.053080810454
2025-05-16 05:48:40.714212,UPDATE,8,31.48802677957752,89.43407332769867,3662.66188729056
2025-05-16 05:48:45.714212,DELETE,6,52.07001864872815,77.28103951864232,2767.5451357126385
2025-05-16 05:48:50.714212,INSERT,2,70.65994420125028,46.19138025450361,3142.174305020731
2025-05-16 05:48:55.714212,DELETE,9,93.37421217714895,83.3253755344463,4582.045517478855
2025-05-16 05:49:00.714212,DELETE,1,54.41788453279117,53.12458941357873,2299.442947988109
2025-05-16 05:49:05.714212,DELETE,7,18.03307037681951,60.59090449544406,3241.3379904285744
2025-05-16 05:49:10.714212,UPDATE,8,40.71703112176715,29.833335542563056,4615.718308426913
2025-05-16 05:49:15.714212,UPDATE,4,30.686679070964416,36.90266027827953,3328.057172591604
2025-05-16 05:49:20.714212,DELETE,5,59.009790033540305,27.583543138377998,5235.507190331296
2025-05-16 05:49:25.714212,UPDATE,2,37.071372084077055,37.81578864893861,5897.176618149662
2025-05-16 05:49:30.714212,SELECT,4,25.663204026509568,24.721639788018813,7776.274471106915
2025-05-16 05:49:35.714212,UPDATE,5,74.2495150883495,12.488377242968056,4249.008563450949
2025-05-16 05:49:40.714212,UPDATE,5,57.65745415366018,34.952985556055005,2955.346197429987
2025-05-16 05:49:45.714212,SELECT,5,38.954406317050456,27.040670386739833,1911.458380171691
2025-05-16 05:49:50.714212,INSERT,8,15.828793766032163,53.98180808195232,2391.845498914702
2025-05-16 05:49:55.714212,SELECT,7,73.84574179732405,30.948359571630107,4165.180485406385
2025-05-16 05:50:00.714212,DELETE,4,15.42452069888773,32.91431992223143,1779.651347563865
2025-05-16 05:50:05.714212,INSERT,8,32.67936617945253,57.264050731585534,6532.486520179769
2025-05-16 05:50:10.714212,UPDATE,3,40.41887870127584,54.862475991341995,1603.6837796797472
2025-05-16 05:50:15.714212,DELETE,6,21.998595811908693,14.795819769584542,2208.0128418037957
2025-05-16 05:50:20.714212,DELETE,5,80.33048430710019,71.0993492394101,3412.5777813665313
2025-05-16 05:50:25.714212,INSERT,1,39.70269653267638,77.39689675422673,2693.019075601722
2025-05-16 05:50:30.714212,INSERT,2,23.230300478595126,56.15163906391955,1667.038270537229
2025-05-16 05:50:35.714212,UPDATE,1,39.479026273105276,20.244703491796436,6163.95822936512
2025-05-16 05:50:40.714212,SELECT,5,21.556092071105535,70.0260519821326,5430.771941735875
2025-05-16 05:50:45.714212,DELETE,7,86.21826191002826,53.74993272278819,7265.32507003431
2025-05-16 05:50:50.714212,UPDATE,7,32.91450679235254,66.07719421068667,7567.379423817846
2025-05-16 05:50:55.714212,INSERT,9,86.02849510267535,43.13689834469541,7072.336242418496
2025-05-16 05:51:00.714212,DELETE,6,24.446768938573918,63.469932257854495,1231.6261066335128
2025-05-16 05:51:05.714212,INSERT,6,18.811228608068944,72.61532161959059,6734.634088355149
2025-05-16 05:51:10.714212,INSERT,3,41.509591268781435,39.84726121396018,3608.750868993903
2025-05-16 05:51:15.714212,UPDATE,2,72.85942455933063,58.88035750032308,4061.5173596980867
2025-05-16 05:51:20.714212,DELETE,6,99.21066226849244,31.929303323786755,3807.9663583684314
2025-05-16 05:51:25.714212,INSERT,5,73.96287019811513,64.8845455822007,7153.620037916988
2025-05-16 05:51:30.714212,UPDATE,4,76.18119724997962,70.19063026981223,7859.423553137117
2025-05-16 05:51:35.714212,DELETE,2,92.92272458587802,46.000263947768296,4633.168130496378
2025-05-16 05:51:40.714212,INSERT,7,60.04451976749079,70.59545548218078,3076.090907994697
2025-05-16 05:51:45.714212,UPDATE,2,26.485229600700876,50.51356329028165,639.7783223819742
2025-05-16 05:51:50.714212,SELECT,6,52.19248184331055,89.61699334317576,1744.5532022543075
2025-05-16 05:51:55.714212,SELECT,9,66.83085182484336,18.601089030715503,5848.028688494683
2025-05-16 05:52:00.714212,UPDATE,9,40.812975270911,27.826653211220254,4464.392363899828
2025-05-16 05:52:05.714212,UPDATE,6,52.08035946020315,73.77794061437305,3430.153953305504
2025-05-16 05:52:10.714212,SELECT,3,19.357734599017455,89.36919633957476,6096.846125986902
2025-05-16 05:52:15.714212,UPDATE,8,49.99282796600372,73.42530921223475,4895.831765527513
2025-05-16 05:52:20.714212,DELETE,1,99.23498568909466,80.81813279035038,5493.644672988169
2025-05-16 05:52:25.714212,SELECT,5,88.86736919720619,21.776844732893892,6489.430050035233
2025-05-16 05:52:30.714212,UPDATE,7,26.385084649673278,82.65344046063576,1391.4250184782927
2025-05-16 05:52:35.714212,UPDATE,2,18.201655062261764,12.152504574831724,6585.005512587493
2025-05-16 05:52:40.714212,UPDATE,9,55.653588294481374,10.647090869051947,759.1409316501592
2025-05-16 05:52:45.714212,UPDATE,5,59.48704267647148,78.54976732298995,2492.4167317786673
2025-05-16 05:52:50.714212,DELETE,4,28.999777940913585,43.968962656204965,7033.885833513514
2025-05-16 05:52:55.714212,INSERT,4,92.14538451664808,32.42727773850528,2018.6677154423771
2025-05-16 05:53:00.714212,UPDATE,5,61.06378194663896,64.87240861138876,1558.1186889341125
2025-05-16 05:53:05.714212,DELETE,5,73.76737406381797,70.99632837991476,3178.10464795954
2025-05-16 05:53:10.714212,INSERT,7,68.34036421324637,43.288116945865866,2022.1235416009026
2025-05-16 05:53:15.714212,SELECT,1,73.36816378347876,88.00822924655289,2730.200713812976
2025-05-16 05:53:20.714212,SELECT,2,59.12522001175929,17.37404566609138,4818.537809080007
2025-05-16 05:53:25.714212,SELECT,8,84.09851858948436,12.814925482914488,2219.399601546588
2025-05-16 05:53:30.714212,INSERT,6,99.19465445642317,81.42588914854761,7661.191287032767
2025-05-16 05:53:35.714212,SELECT,2,38.23040871355638,26.970185914930276,6847.030225309771
2025-05-16 05:53:40.714212,INSERT,7,28.28321960156997,25.551040713531414,2444.1047032849133
2025-05-16 05:53:45.714212,UPDATE,4,68.78867159317434,49.559979565901024,1711.3724412647796
2025-05-16 05:53:50.714212,UPDATE,7,67.72472421025488,56.989667355577794,3257.7392425150742
2025-05-16 05:53:55.714212,SELECT,1,37.87080609153588,37.938315590486944,4142.782621323667
2025-05-16 05:54:00.714212,UPDATE,6,62.74987272311847,46.252919755813615,6099.968745046695
2025-05-16 05:54:05.714212,SELECT,7,38.67600669702466,34.92984128769961,2184.9907658420725
2025-05-16 05:54:10.714212,SELECT,9,15.369167255052389,35.5311944299861,1340.9366007213553
2025-05-16 05:54:15.714212,UPDATE,9,96.9828983372346,65.24196111975058,1436.242402849359
2025-05-16 05:54:20.714212,INSERT,1,96.36018880634285,18.811841060665273,4737.619922488167
2025-05-16 05:54:25.714212,INSERT,5,12.668095254214778,15.049804652354286,4328.603383446705
2025-05-16 05:54:30.714212,DELETE,3,81.04806724916833,45.613154785486074,1624.8014941103502
2025-05-16 05:54:35.714212,DELETE,2,95.85662983269772,12.387291063473524,3485.7113591479774
2025-05-16 05:54:40.714212,DELETE,5,27.805347383058276,27.235495288847467,693.4552335530525
2025-05-16 05:54:45.714212,UPDATE,1,97.07165366118892,29.573803364226787,878.2148820124457
2025-05-16 05:54:50.714212,SELECT,1,95.47599176749664,23.393353027371766,3090.7834180045134
2025-05-16 05:54:55.714212,UPDATE,5,11.501330606426736,22.451205494151417,5017.755978025914
2025-05-16 05:55:00.714212,UPDATE,5,42.29710784858221,60.427464553057675,4562.429655695252
2025-05-16 05:55:05.714212,UPDATE,8,46.2744128698165,76.97660366293859,846.0437128765839
2025-05-16 05:55:10.714212,DELETE,8,34.59788911183045,83.8941997835129,1663.5100726239293
2025-05-16 05:55:15.714212,SELECT,7,31.057696682508613,31.06666463132165,7875.1867541331585
2025-05-16 05:55:20.714212,INSERT,9,16.464474971626892,59.37361542252021,1631.5128003178743
2025-05-16 05:55:25.714212,UPDATE,4,57.00413635580428,42.79997205617854,7798.267489796257
2025-05-16 05:55:30.714212,DELETE,8,60.04401217526918,57.81893347241209,2320.6806704627065
2025-05-16 05:55:35.714212,UPDATE,5,72.0312362219845,89.14526396645323,5201.596354338499
2025-05-16 05:55:40.714212,SELECT,2,33.16818436063012,89.13241506230474,566.4788262478829
2025-05-16 05:55:45.714212,INSERT,6,56.56201369490603,12.697849070968283,7806.042650988312
2025-05-16 05:55:50.714212,UPDATE,9,62.68853134420654,25.909459928507044,880.2772319062362
2025-05-16 05:55:55.714212,UPDATE,3,38.70996541665745,77.77692850213305,5231.019680686507
2025-05-16 05:56:00.714212,INSERT,7,86.73152319669671,34.503806615078446,6878.39801500128
2025-05-16 05:56:05.714212,UPDATE,4,71.42585993804859,36.55719102761541,4761.26732030697
2025-05-16 05:56:10.714212,DELETE,6,77.97438960363219,29.70604262006261,4962.9362016833575
2025-05-16 05:56:15.714212,UPDATE,4,65.15652400361657,23.736509958166884,5069.3423598220415
2025-05-16 05:56:20.714212,SELECT,1,81.15088001738259,41.895504781318024,1565.884595000593
2025-05-16 05:56:25.714212,INSERT,7,49.433093948172534,74.00953147034872,4845.627754966852
2025-05-16 05:56:30.714212,SELECT,9,19.181686587529235,13.045736359150979,7276.477937482324
2025-05-16 05:56:35.714212,INSERT,4,91.88867470618415,31.55124132461202,4626.684930226198
2025-05-16 05:56:40.714212,INSERT,4,84.05003644367426,70.21291676384647,5091.284995522103
2025-05-16 05:56:45.714212,UPDATE,5,19.800190399116836,81.1904169116851,5191.385554741321
2025-05-16 05:56:50.714212,SELECT,2,37.50541674237845,19.47222386145733,836.1195302143458
2025-05-16 05:56:55.714212,DELETE,2,88.94585757024213,17.142086509655066,3390.8233947291783
2025-05-16 05:57:00.714212,INSERT,6,66.27975789083752,21.42391334723272,7771.202702131472
2025-05-16 05:57:05.714212,INSERT,8,64.08556692669953,49.05610171432678,3319.0375796204744
2025-05-16 05:57:10.714212,INSERT,4,90.22835118776936,81.91403544755842,2847.3137050125
2025-05-16 05:57:15.714212,DELETE,8,17.057918336873037,37.365850471101815,8190.909827153053
2025-05-16 05:57:20.714212,INSERT,3,33.04757491992016,64.38762289832482,1341.0563922178012
2025-05-16 05:57:25.714212,SELECT,1,96.52692761890869,33.5940561726934,3840.3071359605065
2025-05-16 05:57:30.714212,DELETE,7,95.76570288250457,13.188178562190327,4107.2736170202315
2025-05-16 05:57:35.714212,DELETE,4,12.139274575985421,32.15488857253625,5017.581313075233
2025-05-16 05:57:40.714212,SELECT,4,61.79817881532996,58.16114293302788,4067.630748494337
2025-05-16 05:57:45.714212,UPDATE,4,89.12378516116955,24.48525527277453,1988.3019724566107
2025-05-16 05:57:50.714212,SELECT,9,78.35954165281903,87.12434503442658,6002.2540618424655
2025-05-16 05:57:55.714212,DELETE,9,10.157595284800143,73.46320844762545,2068.5364375964764
2025-05-16 05:58:00.714212,DELETE,3,57.79720306454929,80.5340011433527,6046.486513615226
2025-05-16 05:58:05.714212,DELETE,2,91.10253006136605,83.91268217042102,3375.4815524397245
2025-05-16 05:58:10.714212,INSERT,5,92.30816887200075,46.66134832212045,1758.6032120808654
2025-05-16 05:58:15.714212,INSERT,9,35.81165712877552,41.33188405382454,4438.268138002242
2025-05-16 05:58:20.714212,UPDATE,6,87.9921351227303,78.86816401631714,3138.150496055342
2025-05-16 05:58:25.714212,SELECT,7,29.316087376216565,19.94630189359297,1880.1476980457442
2025-05-16 05:58:30.714212,SELECT,8,15.051762895430734,82.60822267087073,8093.679555476455
2025-05-16 05:58:35.714212,SELECT,6,49.72553451609498,28.117094822075455,5243.954438316121
2025-05-16 05:58:40.714212,INSERT,8,62.276276216305895,23.581813500679054,2288.5327352332097
2025-05-16 05:58:45.714212,SELECT,3,13.170191006971773,38.35447047872088,1959.4826487219264
2025-05-16 05:58:50.714212,UPDATE,9,33.09352982351879,16.103083553211075,5143.26816202702
2025-05-16 05:58:55.714212,DELETE,8,15.019349914306597,58.737726666129305,1639.096734847323
2025-05-16 05:59:00.714212,DELETE,9,43.383802288517,56.019130128052566,5809.8859831633645
2025-05-16 05:59:05.714212,DELETE,3,37.210105863136036,72.35093353434166,3061.6441408900023
2025-05-16 05:59:10.714212,INSERT,4,57.573759322464845,21.967891180604635,7976.613686336363
2025-05-16 05:59:15.714212,INSERT,1,84.25708382461572,70.28628984054265,4201.233777176339
2025-05-16 05:59:20.714212,UPDATE,5,27.275685176085393,20.05509595489462,6716.462856223994
2025-05-16 05:59:25.714212,SELECT,7,77.44981379612628,12.21858712425325,6330.33329867429
2025-05-16 05:59:30.714212,DELETE,6,90.68501202757056,62.58947913065874,4550.155393266909
2025-05-16 05:59:35.714212,DELETE,4,59.12613926623466,16.529137034662487,637.2386868093763
2025-05-16 05:59:40.714212,INSERT,7,78.92488748379712,87.85353738312142,6299.835626703013
2025-05-16 05:59:45.714212,DELETE,1,54.888014414313886,51.64475265497343,4610.85642208086
2025-05-16 05:59:50.714212,UPDATE,4,78.25773455530354,44.56423731137723,3827.610771305833
2025-05-16 05:59:55.714212,SELECT,9,84.82439351153393,15.976842880879634,888.0282260575991
2025-05-16 06:00:00.714212,DELETE,2,31.14787095556379,77.10703618897467,8006.403050629662
2025-05-16 06:00:05.714212,DELETE,1,92.43228853068133,33.29524948264403,7272.6595247315145
2025-05-16 06:00:10.714212,DELETE,9,70.55674394742195,74.99007131605845,2453.2712395554636
2025-05-16 06:00:15.714212,INSERT,2,39.608295022791935,10.24962981430261,3291.559852688367
2025-05-16 06:00:20.714212,UPDATE,5,70.266538304093,37.48684472329141,4054.95107986769
2025-05-16 06:00:25.714212,SELECT,6,12.968831275973246,40.705171269582905,7260.333711930029
2025-05-16 06:00:30.714212,UPDATE,4,24.374200709884924,20.28062306535417,5372.8303727462535
2025-05-16 06:00:35.714212,DELETE,4,15.066250643140018,20.524252452836205,7052.301486699916
2025-05-16 06:00:40.714212,UPDATE,1,95.37322582867952,89.61388259471879,6477.568365985216
2025-05-16 06:00:45.714212,UPDATE,5,34.122218448510324,40.81723298301891,2062.459999110014
2025-05-16 06:00:50.714212,SELECT,2,12.496845553373863,41.787889995858265,642.0583186765605
2025-05-16 06:00:55.714212,INSERT,8,84.96989834179276,84.51002484413578,3961.9129248665686
2025-05-16 06:01:00.714212,UPDATE,1,57.850268477858734,42.76172280591915,5373.996174481105
2025-05-16 06:01:05.714212,SELECT,2,41.347680800690725,74.18268329818795,5161.590335021318
2025-05-16 06:01:10.714212,SELECT,1,90.5816034464618,13.53092501227903,1000.804770177919
2025-05-16 06:01:15.714212,DELETE,7,38.88275769588277,19.266855407691068,7655.744976011856
2025-05-16 06:01:20.714212,DELETE,8,16.792891134499705,40.40313785468855,2664.584115871711
2025-05-16 06:01:25.714212,SELECT,6,70.84359375433286,16.902105693230737,1487.6508545180677
2025-05-16 06:01:30.714212,DELETE,5,36.80817813781922,66.03423105133811,1245.2202607950112
2025-05-16 06:01:35.714212,INSERT,7,55.61931079902532,67.04048579689326,7309.074949044029
2025-05-16 06:01:40.714212,DELETE,7,39.88373661317301,38.17807896552779,4396.682449465268
2025-05-16 06:01:45.714212,INSERT,4,85.25566734075237,71.05841564154201,582.6287255397979
2025-05-16 06:01:50.714212,SELECT,5,17.484536220454476,45.779864837195916,7282.487553575947
2025-05-16 06:01:55.714212,INSERT,5,26.538737290059405,14.951799399456416,6047.991476528988
2025-05-16 06:02:00.714212,SELECT,6,55.90755564129019,48.40385941830462,8082.562113893936
2025-05-16 06:02:05.714212,INSERT,7,93.21437201773176,41.127020445593494,2330.794143035721
2025-05-16 06:02:10.714212,INSERT,7,53.70360324069694,57.51919871493755,2197.963020731365
2025-05-16 06:02:15.714212,UPDATE,1,29.77295320469391,59.229018411736966,1227.1936420383456
2025-05-16 06:02:20.714212,SELECT,4,41.32230821248151,52.21079958616148,6465.91601233241
2025-05-16 06:02:25.714212,UPDATE,7,71.86552074479489,71.42167104198552,4178.422587999607
2025-05-16 06:02:30.714212,SELECT,6,13.867371259679533,28.086496950410933,7401.874091833073
2025-05-16 06:02:35.714212,UPDATE,8,44.16400572675742,64.06331340054214,6337.856506238765
2025-05-16 06:02:40.714212,INSERT,5,89.23925551005031,69.35756861285944,3381.915730854831
2025-05-16 06:02:45.714212,SELECT,4,46.53100762740735,12.431305873209562,6034.73297111916
2025-05-16 06:02:50.714212,UPDATE,4,40.269330813980325,85.12229825285077,3221.4789515646817
2025-05-16 06:02:55.714212,SELECT,3,28.00539375810382,11.375066674787053,3234.678907817149
2025-05-16 06:03:00.714212,SELECT,7,89.69291746563647,47.1137427647001,4962.761485079548
2025-05-16 06:03:05.714212,DELETE,3,74.94857706099368,63.45757705732973,3510.1302711315907
2025-05-16 06:03:10.714212,INSERT,6,71.35710648443904,43.80759394191407,4981.698886179147
2025-05-16 06:03:15.714212,DELETE,7,85.43115901047467,68.38068246276235,3066.5806473240004
2025-05-16 06:03:20.714212,SELECT,1,66.76347826033262,60.958652099444734,7127.571534379826
2025-05-16 06:03:25.714212,DELETE,2,88.26661621060939,16.501206185595578,5391.718824265456
2025-05-16 06:03:30.714212,UPDATE,5,16.790162287799696,74.04817702402292,4632.369007371864
2025-05-16 06:03:35.714212,SELECT,7,21.05724123145177,19.254048199149647,4803.462783536865
2025-05-16 06:03:40.714212,UPDATE,4,54.71244386634602,51.41581214246436,4240.184820288497
2025-05-16 06:03:45.714212,UPDATE,5,61.42977172195998,15.695798104662853,7421.268747089595
2025-05-16 06:03:50.714212,SELECT,8,40.27424563272197,70.56294122631145,5748.982147380839
2025-05-16 06:03:55.714212,INSERT,8,61.09442450106823,18.687634453220497,937.291349624413
2025-05-16 06:04:00.714212,INSERT,8,92.92442505099777,30.38435873469597,5611.103905938994
2025-05-16 06:04:05.714212,INSERT,1,73.41124600463107,27.37534159166799,2615.983309145797
2025-05-16 06:04:10.714212,INSERT,3,13.203597578857478,50.554149795129184,7015.021233812958
2025-05-16 06:04:15.714212,UPDATE,1,21.974040626100262,89.87461448796438,4064.0846884031575
2025-05-16 06:04:20.714212,SELECT,7,20.886247282517186,72.5698465720132,7230.307924149253
2025-05-16 06:04:25.714212,UPDATE,8,13.083411774307475,50.8212754772832,2431.2605078453603
2025-05-16 06:04:30.714212,DELETE,4,44.08096529349861,37.27393838728307,6356.585299883367
2025-05-16 06:04:35.714212,INSERT,1,50.673316750414656,33.55018681489966,5912.2618802639045
2025-05-16 06:04:40.714212,SELECT,6,23.597451341939582,69.48127176626755,4173.966085199553
2025-05-16 06:04:45.714212,SELECT,9,68.26706431002106,79.08835776859964,5149.449434746181
2025-05-16 06:04:50.714212,UPDATE,8,81.29736108115182,88.85967815069847,1043.5776499635858
2025-05-16 06:04:55.714212,INSERT,5,17.816856012917675,56.25599856862813,5761.985797400971
2025-05-16 06:05:00.714212,UPDATE,1,99.47412743826354,23.68684509935531,7474.630106400006
2025-05-16 06:05:05.714212,DELETE,4,17.560080979676123,61.11291635578222,3130.5802261351437
2025-05-16 06:05:10.714212,INSERT,2,28.85077671113071,47.39117722978263,4024.1051114746037
2025-05-16 06:05:15.714212,SELECT,6,77.52196014088398,70.06392471054484,8165.175902938581
2025-05-16 06:05:20.714212,SELECT,3,56.56187796682077,81.28162594163092,6411.712436823714
2025-05-16 06:05:25.714212,SELECT,4,72.81369926940462,76.58359113745695,5900.097586801205
2025-05-16 06:05:30.714212,INSERT,8,21.32961068356014,56.94461080779046,8169.863237753955
2025-05-16 06:05:35.714212,UPDATE,3,28.26441090133888,22.0741727189497,5732.979326810716
2025-05-16 06:05:40.714212,SELECT,1,61.99172962257492,19.262223165820807,7560.100104707766
2025-05-16 06:05:45.714212,INSERT,1,90.92451271194969,33.439563284727484,5823.256976475959
2025-05-16 06:05:50.714212,INSERT,4,34.7323994903104,12.919360285442165,7223.774310895184
2025-05-16 06:05:55.714212,SELECT,6,67.65206179929402,67.23665380595247,2503.0395432758787
2025-05-16 06:06:00.714212,INSERT,3,34.57474680603855,13.991365228022472,749.7865586473772
2025-05-16 06:06:05.714212,SELECT,9,80.09690545866,58.168073536702856,7985.508112718372
2025-05-16 06:06:10.714212,DELETE,4,61.163040168622395,61.73803728890555,2033.0774700241686
2025-05-16 06:06:15.714212,DELETE,9,47.228310889288664,64.61284051294982,6402.83001827033
2025-05-16 06:06:20.714212,INSERT,7,15.661249305089179,47.53106491030182,3308.2172562419346
2025-05-16 06:06:25.714212,INSERT,2,65.29280057645852,60.99056414726067,6326.321698546911
2025-05-16 06:06:30.714212,SELECT,3,81.25608258812571,11.57324003421306,4062.979700382609
2025-05-16 06:06:35.714212,INSERT,2,33.40363805104144,74.13680942640283,7313.560979708717
2025-05-16 06:06:40.714212,INSERT,3,32.01301326124002,28.160535565920853,5973.334322644229
2025-05-16 06:06:45.714212,INSERT,1,52.99282265786007,86.68471705948097,7007.68617057499
2025-05-16 06:06:50.714212,SELECT,9,96.74896735948985,74.29202348767743,3898.0436327288603
2025-05-16 06:06:55.714212,INSERT,4,36.63548745341542,62.39506606072089,4799.743058540502
2025-05-16 06:07:00.714212,SELECT,3,23.694069641632595,15.608389678406578,4379.522343229993
2025-05-16 06:07:05.714212,INSERT,4,96.2044446380885,21.94620853567347,6704.817664535142
2025-05-16 06:07:10.714212,SELECT,9,46.52060142438378,67.75995428337595,4654.4763024515805
2025-05-16 06:07:15.714212,DELETE,8,61.179241145157334,84.27902039939494,2834.062404374305
2025-05-16 06:07:20.714212,UPDATE,4,85.44282936787174,86.98443826465474,4111.654506935364
2025-05-16 06:07:25.714212,INSERT,2,90.50115065763868,15.223595400977281,6107.846608462693
2025-05-16 06:07:30.714212,DELETE,8,15.431197857609895,64.16585461770342,8083.432435308322
2025-05-16 06:07:35.714212,INSERT,1,49.01909757930682,20.225614856704652,5126.048635328258
2025-05-16 06:07:40.714212,UPDATE,4,50.12473602128302,29.635823754907946,4512.951092231754
2025-05-16 06:07:45.714212,SELECT,1,14.124025791599085,71.66940767875563,976.7982681671027
2025-05-16 06:07:50.714212,DELETE,9,38.73255850792579,78.79974425609342,1304.0520550421825
2025-05-16 06:07:55.714212,SELECT,5,64.21746125364277,84.153020466403,6037.936054049543
2025-05-16 06:08:00.714212,DELETE,7,98.02199611478294,37.036751625569586,3611.535639756124
2025-05-16 06:08:05.714212,INSERT,3,13.380161490950513,63.59244614482171,5430.879263821903
2025-05-16 06:08:10.714212,SELECT,5,33.149648638388065,67.9983210313144,7720.850105344385
2025-05-16 06:08:15.714212,INSERT,9,89.61094378630061,19.816458685011114,4421.199698690116
2025-05-16 06:08:20.714212,INSERT,4,85.88912985257353,62.90298226144163,2490.506379724641
2025-05-16 06:08:25.714212,SELECT,1,27.387789239206146,74.96040808838154,852.6986583833276
2025-05-16 06:08:30.714212,INSERT,1,31.528595596125417,10.20337392949286,7345.465176359863
2025-05-16 06:08:35.714212,UPDATE,2,93.03088995803533,81.75129945841317,6245.380705772547
2025-05-16 06:08:40.714212,SELECT,4,14.530281035187222,35.70774003372784,7814.3671869613045
2025-05-16 06:08:45.714212,SELECT,6,71.31863380410739,25.283235794203307,1268.4656331095143
2025-05-16 06:08:50.714212,INSERT,6,23.87048770404028,30.605342054291942,3467.4183444590562
2025-05-16 06:08:55.714212,INSERT,2,31.15271953521964,20.223749034550835,7117.331052439993
2025-05-16 06:09:00.714212,SELECT,7,44.26302174187275,62.537997725029186,957.5077245357433
2025-05-16 06:09:05.714212,UPDATE,5,56.519870015413304,57.98118242921547,6760.887940575539
2025-05-16 06:09:10.714212,UPDATE,8,68.33903878549555,14.851696777287318,3901.4072051332005
2025-05-16 06:09:15.714212,UPDATE,8,80.17920495678635,86.65769516765552,1253.1666471360784
2025-05-16 06:09:20.714212,DELETE,8,17.425240222548116,25.105634371582532,6359.1595358380455
2025-05-16 06:09:25.714212,SELECT,8,84.88086834668151,53.88725396553749,3064.719170230334
2025-05-16 06:09:30.714212,UPDATE,4,44.5032541026499,52.64197415055542,6900.5667266384835
2025-05-16 06:09:35.714212,UPDATE,1,94.98766868781081,29.615978096954603,4274.074590554555
2025-05-16 06:09:40.714212,INSERT,2,49.437337034525704,74.83260819174734,1716.2304021589212
2025-05-16 06:09:45.714212,SELECT,1,98.10287497939518,62.345236662999206,6928.247666842349
2025-05-16 06:09:50.714212,DELETE,4,64.24120285255238,61.10374943164928,4513.06560160819
2025-05-16 06:09:55.714212,SELECT,9,37.984033002515076,36.74726286948187,5580.9716196463905
2025-05-16 06:10:00.714212,INSERT,7,77.80916979454113,70.51004048431457,1783.3557456828594
2025-05-16 06:10:05.714212,DELETE,5,79.11208946687744,25.539434826136144,5795.719569210766
2025-05-16 06:10:10.714212,INSERT,2,29.838230244488603,74.97485639623065,1251.5660202312295
2025-05-16 06:10:15.714212,INSERT,2,15.743295696665268,37.370911079045435,1339.9834680557442
2025-05-16 06:10:20.714212,UPDATE,9,65.6904299526226,15.789460123249786,3570.172325845533
2025-05-16 06:10:25.714212,INSERT,6,49.57656114005258,63.01802189578987,5390.653137677712
2025-05-16 06:10:30.714212,UPDATE,9,49.623953048288946,74.98767693864983,2002.8804845520729
2025-05-16 06:10:35.714212,UPDATE,7,93.47099400011619,69.84403068480594,4750.839543476114
2025-05-16 06:10:40.714212,SELECT,4,12.731492489550337,42.126876155968574,5158.303033760529
2025-05-16 06:10:45.714212,UPDATE,3,54.161651255649375,58.973009909702874,4301.263641804469
2025-05-16 06:10:50.714212,SELECT,7,13.54098029371893,71.0217127240628,6015.179504169864
2025-05-16 06:10:55.714212,UPDATE,5,55.187014930484786,50.82620431174703,1296.0950963909463
2025-05-16 06:11:00.714212,DELETE,1,72.34138565511256,75.22759125393259,5255.5928831061965
2025-05-16 06:11:05.714212,DELETE,6,96.37804019120412,28.7727615126496,2277.8823478041395
2025-05-16 06:11:10.714212,SELECT,7,18.648865567640403,37.67280471124796,2514.4244515264363
2025-05-16 06:11:15.714212,SELECT,3,68.05286686126883,71.70850434817298,4859.60429428473
2025-05-16 06:11:20.714212,UPDATE,2,38.07363883593865,36.70681156102746,4885.064625778807
2025-05-16 06:11:25.714212,DELETE,8,74.12134222692511,33.007171922419246,1594.7681541716922
2025-05-16 06:11:30.714212,SELECT,9,16.565230364978618,61.77114576971776,6383.617218807933
2025-05-16 06:11:35.714212,SELECT,2,56.263934884996196,17.728966317207036,6161.655660620833
2025-05-16 06:11:40.714212,DELETE,5,42.202676846904176,34.36094002944805,4826.5491512010685
2025-05-16 06:11:45.714212,SELECT,5,84.51555377686022,76.08059049520625,735.7406958367799
2025-05-16 06:11:50.714212,SELECT,6,47.27232116844765,46.11918904774377,2413.0475197561655
2025-05-16 06:11:55.714212,UPDATE,2,75.99752053464603,38.61166113864466,2133.2259165984524
2025-05-16 06:12:00.714212,DELETE,4,20.64323597731525,82.25039724716693,2381.5510715005867
2025-05-16 06:12:05.714212,UPDATE,2,60.81529560797394,25.339437057455072,1455.4326371606107
2025-05-16 06:12:10.714212,DELETE,9,88.48208922148699,13.652133447524104,2242.567326667975
2025-05-16 06:12:15.714212,UPDATE,6,35.90014069616686,86.86256826233375,7826.08113278487
2025-05-16 06:12:20.714212,SELECT,5,44.240811258973764,44.71620184228954,1973.4760478985079
2025-05-16 06:12:25.714212,SELECT,7,83.7249750559729,37.7241544691362,1134.0430039007033
2025-05-16 06:12:30.714212,SELECT,3,83.58235276232091,32.52339301465681,5724.610053652981
2025-05-16 06:12:35.714212,UPDATE,4,18.26037934966324,58.61474438258293,7044.640448734155
2025-05-16 06:12:40.714212,INSERT,9,67.57433930828765,63.989170415391534,6416.68093794925
2025-05-16 06:12:45.714212,INSERT,6,81.34470460644975,15.60970279452321,4185.926110132345
2025-05-16 06:12:50.714212,DELETE,9,21.855282351136147,79.17234784632468,693.9570339397999
2025-05-16 06:12:55.714212,INSERT,5,41.05530936426237,69.83388235905292,5079.224618817722
2025-05-16 06:13:00.714212,INSERT,4,14.620358718779032,89.45722638452956,4043.5383432478066
2025-05-16 06:13:05.714212,UPDATE,3,97.65375815336577,29.176427950870305,2156.9405982249236
2025-05-16 06:13:10.714212,UPDATE,4,27.93918586440714,73.51329645092463,2422.180916000693
2025-05-16 06:13:15.714212,DELETE,9,66.93939983681224,73.20546160255776,4056.8731536530217
2025-05-16 06:13:20.714212,SELECT,8,92.307781010358,25.165284298009407,4303.7367686931375
2025-05-16 06:13:25.714212,SELECT,7,44.49788333384227,86.69807625317564,4647.169899520395
2025-05-16 06:13:30.714212,INSERT,5,75.53721744927475,23.164416051805663,4384.376705883391
2025-05-16 06:13:35.714212,UPDATE,5,73.42133625376137,88.3811912939769,3800.8879740993348
2025-05-16 06:13:40.714212,DELETE,2,68.67018465504201,35.99218606185193,764.4857022148606
2025-05-16 06:13:45.714212,SELECT,7,28.854390649535347,78.34420348417882,3370.4465644631377
2025-05-16 06:13:50.714212,SELECT,6,71.7524373056267,26.55752252995545,7712.349134144397
2025-05-16 06:13:55.714212,INSERT,3,12.113039101795495,54.853205506491236,2373.204478798457
2025-05-16 06:14:00.714212,INSERT,3,44.52188115783115,54.92870302713644,5807.982906905145
2025-05-16 06:14:05.714212,INSERT,8,84.21942530652066,69.61729966818567,4813.266820402476
2025-05-16 06:14:10.714212,UPDATE,6,59.45893154851783,32.8795862013294,1376.1811725807222
2025-05-16 06:14:15.714212,UPDATE,1,27.19087865016574,85.13979329689319,2331.7985522361014
2025-05-16 06:14:20.714212,INSERT,8,74.39526055583163,17.497037368443067,5035.392229148431
2025-05-16 06:14:25.714212,UPDATE,8,46.704014174357106,40.41415824021813,5590.517182432423
2025-05-16 06:14:30.714212,SELECT,9,96.01591048625521,59.95183921438121,7891.194054455681
2025-05-16 06:14:35.714212,UPDATE,5,50.680661748970266,85.66896976084075,6455.252955603721
2025-05-16 06:14:40.714212,UPDATE,9,87.09420925895739,44.223921643410876,1506.8736464981969
2025-05-16 06:14:45.714212,UPDATE,2,54.93603608007669,52.95943135120831,4081.5610358383865
2025-05-16 06:14:50.714212,SELECT,3,43.60673357356171,25.400552574681985,1253.9186271627682
2025-05-16 06:14:55.714212,UPDATE,5,68.73806419126063,49.53594428557644,7667.141176000766
2025-05-16 06:15:00.714212,SELECT,4,65.49650645281737,33.222199776151584,5797.903273069128
2025-05-16 06:15:05.714212,SELECT,2,55.009964082369805,52.50426275490056,3614.870355105184
2025-05-16 06:15:10.714212,UPDATE,6,44.80204672906277,15.555157078756876,1424.3593429525124
2025-05-16 06:15:15.714212,DELETE,4,20.19292302339611,48.547886267481644,2470.247933124506
2025-05-16 06:15:20.714212,SELECT,1,81.70585180017285,51.151553193169974,4442.506118126004
2025-05-16 06:15:25.714212,UPDATE,7,40.0932631904288,70.66962050898192,5864.794124915669
2025-05-16 06:15:30.714212,DELETE,7,93.89081784545064,10.51843373875335,4588.222638815767
2025-05-16 06:15:35.714212,SELECT,3,64.52947788835372,59.55930858177456,5810.942231271316
2025-05-16 06:15:40.714212,INSERT,2,34.08870187474977,37.88213849988996,6414.249758037713
2025-05-16 06:15:45.714212,SELECT,8,70.19503089515759,46.15170583784942,7609.263728330654
2025-05-16 06:15:50.714212,DELETE,1,21.401120367916054,63.75692923666543,3692.9919516786495
2025-05-16 06:15:55.714212,INSERT,6,31.645816088972833,81.6613355231018,7882.979144845738
2025-05-16 06:16:00.714212,SELECT,2,67.13614682379901,15.535913420094447,4058.2217972292124
2025-05-16 06:16:05.714212,UPDATE,6,60.69252357885975,75.1172864457593,1962.6484220343452
2025-05-16 06:16:10.714212,SELECT,7,74.56649838149622,16.975689445407987,4546.510830192963
2025-05-16 06:16:15.714212,UPDATE,5,17.01565163636377,84.42467660338149,7596.767388594939
2025-05-16 06:16:20.714212,INSERT,9,58.373995965627515,82.54286024200084,6717.601813875285
2025-05-16 06:16:25.714212,UPDATE,6,43.04593623099725,27.084736417781585,1685.0094374906591
2025-05-16 06:16:30.714212,INSERT,8,16.695666706306476,34.57538276224532,2339.950309409717
2025-05-16 06:16:35.714212,INSERT,2,97.54806430413,77.75204980929799,6192.1872036010855
2025-05-16 06:16:40.714212,SELECT,2,39.292209876765824,38.723783310017026,2051.1099779326573
2025-05-16 06:16:45.714212,INSERT,4,23.281420722616573,79.82650312923346,2519.040084458972
2025-05-16 06:16:50.714212,UPDATE,1,57.559328758433736,13.673820551445335,3309.51595512157
2025-05-16 06:16:55.714212,INSERT,4,51.18835143032128,44.71160956113025,1285.2171532934947
2025-05-16 06:17:00.714212,SELECT,4,62.875027286356094,20.078373944699493,2273.610436331088
2025-05-16 06:17:05.714212,INSERT,9,66.19218273127855,49.730853294698335,957.7379111027257
2025-05-16 06:17:10.714212,DELETE,3,64.01491727043111,87.08457401881773,2238.237950346613
2025-05-16 06:17:15.714212,UPDATE,7,79.1944560038646,52.109396805394965,1242.6844959937919
2025-05-16 06:17:20.714212,UPDATE,7,33.355919057572436,85.30434177112957,2100.6622631235336
2025-05-16 06:17:25.714212,UPDATE,1,29.871079817635746,74.642850037994,2364.192249656809
2025-05-16 06:17:30.714212,UPDATE,5,13.586176217820038,45.28223424623776,2334.4230672671256
2025-05-16 06:17:35.714212,UPDATE,4,10.792201102887946,67.67708161641323,2485.946814773744
2025-05-16 06:17:40.714212,INSERT,9,25.51410610226818,15.744617227647923,6770.0591962623985
2025-05-16 06:17:45.714212,SELECT,1,52.50137649100952,66.95845097930217,4527.65037382021
2025-05-16 06:17:50.714212,UPDATE,8,68.94661805629026,81.60292805454478,2797.083799298469
2025-05-16 06:17:55.714212,DELETE,3,63.163396915890644,20.851651023907387,2270.4336893482237
2025-05-16 06:18:00.714212,INSERT,2,42.20446404106125,88.91046299085266,7178.7065946270495
2025-05-16 06:18:05.714212,UPDATE,6,80.75036956506337,75.64029512815063,3641.1799382868094
2025-05-16 06:18:10.714212,INSERT,1,84.3868993793328,13.761067209728104,4023.684008729881
2025-05-16 06:18:15.714212,DELETE,7,36.122018118628326,11.720783563178196,2846.275960719284
2025-05-16 06:18:20.714212,INSERT,8,17.148410953424285,73.65069730170532,5663.628272017882
2025-05-16 06:18:25.714212,SELECT,5,23.75271286500351,49.724522930629476,5526.0519346764695
2025-05-16 06:18:30.714212,SELECT,7,20.969969262379124,68.04912867418469,808.8383276383836
2025-05-16 06:18:35.714212,INSERT,8,89.31402406168222,27.29706152308062,2627.7872166451402
2025-05-16 06:18:40.714212,DELETE,9,31.17471952090867,70.77478542218864,4463.098622046191
2025-05-16 06:18:45.714212,INSERT,7,45.77165880800906,36.896685987514815,5436.4068633498755
2025-05-16 06:18:50.714212,DELETE,2,83.6409281276919,84.43483887917222,4865.439750476771
2025-05-16 06:18:55.714212,DELETE,9,48.74641153625169,53.179664584601234,2128.1351567602806
2025-05-16 06:19:00.714212,INSERT,2,40.558854383965965,48.03527154142187,1482.0074226746456
2025-05-16 06:19:05.714212,SELECT,6,75.6958834230842,12.141132572732918,4341.138238690472
2025-05-16 06:19:10.714212,SELECT,1,86.79078939751446,63.065960465071164,4123.390345661339
2025-05-16 06:19:15.714212,SELECT,2,15.36345647132773,15.085656452214264,6974.528099055433
2025-05-16 06:19:20.714212,INSERT,2,44.37617454618502,38.09093241664005,5553.557606031824
2025-05-16 06:19:25.714212,SELECT,1,78.30992466129558,12.978283335901395,2596.051513573704
2025-05-16 06:19:30.714212,INSERT,9,42.71807281273618,49.77939565955057,5814.869302443377
2025-05-16 06:19:35.714212,DELETE,1,30.345866287933177,85.28746033014168,2484.11525545405
2025-05-16 06:19:40.714212,SELECT,8,44.216765955616076,57.67093734774285,1013.812693587706
2025-05-16 06:19:45.714212,UPDATE,6,56.85331547429379,45.91067373334723,6646.4358558920085
2025-05-16 06:19:50.714212,DELETE,2,95.27019999096625,53.194734179426675,5659.828616682527
2025-05-16 06:19:55.714212,UPDATE,8,10.074016930953475,23.79994465966228,7169.275976901834
2025-05-16 06:20:00.714212,UPDATE,6,15.959789732860836,41.69155439909251,1417.197574460783
2025-05-16 06:20:05.714212,INSERT,8,87.1123955342468,51.34012060062042,3712.266729710028
2025-05-16 06:20:10.714212,UPDATE,6,14.194225923273796,39.803685726252446,6525.768447353045
2025-05-16 06:20:15.714212,INSERT,6,53.94086092021356,55.56319504318103,6489.636412651508
2025-05-16 06:20:20.714212,SELECT,9,84.63286519386799,45.18918679323714,3138.962697063291
2025-05-16 06:20:25.714212,DELETE,3,56.76415004035126,28.858358504684468,2918.7098564497414
2025-05-16 06:20:30.714212,INSERT,8,63.48857528578621,76.5454856640317,5303.388832095295
2025-05-16 06:20:35.714212,SELECT,4,76.8412589360078,67.71010041467058,5238.344397947861
2025-05-16 06:20:40.714212,INSERT,9,65.58150754272262,30.014202905516576,4378.924764949941
2025-05-16 06:20:45.714212,UPDATE,9,65.22459157535069,64.00874888556545,1698.1322666660774
2025-05-16 06:20:50.714212,INSERT,4,21.78895116349697,47.32406374033182,1158.6395625575703
2025-05-16 06:20:55.714212,UPDATE,8,97.45002565345787,27.243357848996574,7768.173391541515
2025-05-16 06:21:00.714212,SELECT,6,14.022225334032543,53.09495965975826,6562.308875165292
2025-05-16 06:21:05.714212,UPDATE,8,97.72243334977375,51.1046244749392,2737.013602664562
2025-05-16 06:21:10.714212,UPDATE,7,92.65520205110843,19.817895779775192,5819.090944392641
2025-05-16 06:21:15.714212,INSERT,6,11.692896581942762,68.51261709929027,1955.6017850240669
2025-05-16 06:21:20.714212,DELETE,1,76.82442449693998,43.992135883732985,3856.630902639168
2025-05-16 06:21:25.714212,INSERT,8,78.15140552970635,18.13671269264468,7705.320143570158
2025-05-16 06:21:30.714212,UPDATE,2,98.02574861180234,67.46880265645197,4848.444328833786
2025-05-16 06:21:35.714212,INSERT,3,62.721770252188755,78.85213105000632,5396.191602909934
2025-05-16 06:21:40.714212,SELECT,9,50.02024486131987,81.38513285270754,2240.2794241838637
2025-05-16 06:21:45.714212,SELECT,7,11.757242091613216,41.92533344297266,4369.282048474333
2025-05-16 06:21:50.714212,DELETE,6,85.62852023937916,87.27824421306744,3281.2541326956866
2025-05-16 06:21:55.714212,UPDATE,3,45.167791925725815,77.67999062214037,2017.3987069540917
2025-05-16 06:22:00.714212,DELETE,1,24.472609673655583,17.539067329350353,6473.435264802071
2025-05-16 06:22:05.714212,DELETE,2,75.79085021380388,30.509822856611937,4558.517681605143
2025-05-16 06:22:10.714212,SELECT,7,74.18146942189927,87.45077462924348,1687.8744132336813
2025-05-16 06:22:15.714212,SELECT,3,33.95517767416122,14.336110930336359,3650.8873421711505
2025-05-16 06:22:20.714212,DELETE,5,25.360965178793755,47.4671268913022,4554.654914576877
2025-05-16 06:22:25.714212,UPDATE,2,45.030684718041115,24.99518891113138,6973.305195863247
2025-05-16 06:22:30.714212,INSERT,8,73.75302827712167,35.69715791592416,4781.585579475465
2025-05-16 06:22:35.714212,SELECT,4,52.008045176265334,62.629999953793735,2784.6091661833757
2025-05-16 06:22:40.714212,DELETE,5,98.03804174899406,26.681562299212107,5377.532096259471
2025-05-16 06:22:45.714212,UPDATE,1,30.106670751742172,40.203133984345314,2594.5164512916654
2025-05-16 06:22:50.714212,DELETE,3,51.03599369900938,45.27416896104087,629.0114383498856
2025-05-16 06:22:55.714212,UPDATE,2,63.86780109260748,74.6093141718113,6036.000558863489
2025-05-16 06:23:00.714212,UPDATE,2,88.70662330918046,42.06148870831164,3082.3213834942903
2025-05-16 06:23:05.714212,UPDATE,4,51.461475931111906,64.67417162719997,2983.644650398763
2025-05-16 06:23:10.714212,SELECT,1,32.03926985760204,81.63587222208851,7141.625806577016
2025-05-16 06:23:15.714212,UPDATE,5,56.84690264688539,23.456969908138596,7294.939441749516
2025-05-16 06:23:20.714212,INSERT,5,30.544729025926245,83.10358755573012,977.7319166769901
2025-05-16 06:23:25.714212,UPDATE,1,40.544288278877474,43.85893776169836,1660.0346997069478
2025-05-16 06:23:30.714212,SELECT,6,15.210076006252072,54.3202012536093,5920.9650503572275
2025-05-16 06:23:35.714212,UPDATE,9,46.07100875760466,51.905741943176594,1672.4528690697812
2025-05-16 06:23:40.714212,SELECT,4,36.15048890661812,62.86018694792996,2858.834173955721
2025-05-16 06:23:45.714212,SELECT,5,67.15053658621599,71.07398001689627,6606.177232125294
2025-05-16 06:23:50.714212,SELECT,5,83.21540917560347,27.59917498200015,4379.233824696268
2025-05-16 06:23:55.714212,SELECT,6,83.053545589731,27.54102351266554,2262.6169694946902
2025-05-16 06:24:00.714212,UPDATE,1,36.54876422785777,37.77492291939786,7339.711356051905
2025-05-16 06:24:05.714212,INSERT,7,89.58297406744677,30.539414560549353,4840.421607307956
2025-05-16 06:24:10.714212,DELETE,5,50.10322549005053,11.540286254235506,2697.117578082889
2025-05-16 06:24:15.714212,UPDATE,5,60.76287625202178,83.71540907974989,1838.955264503854
2025-05-16 06:24:20.714212,DELETE,6,34.927649321217544,68.45623088708905,5007.5336115775535
2025-05-16 06:24:25.714212,DELETE,5,32.945983552868995,83.44897741665983,2017.704768500656
2025-05-16 06:24:30.714212,UPDATE,7,35.71227171132318,51.501162968503884,619.5121298599822
2025-05-16 06:24:35.714212,INSERT,1,65.23362373392663,30.372692993095427,2687.1729086876053
2025-05-16 06:24:40.714212,SELECT,8,64.71398524747465,36.79671244708595,1147.6205398510199
2025-05-16 06:24:45.714212,UPDATE,4,47.17614108665407,38.88684151207439,1998.2101550759428
2025-05-16 06:24:50.714212,INSERT,3,39.696835317798616,78.82097353196839,2274.7557685264333
2025-05-16 06:24:55.714212,INSERT,5,44.24507339440679,89.15241123658629,2404.3600742642443
2025-05-16 06:25:00.714212,SELECT,5,37.059727515910616,48.96692656626878,3438.971425377956
2025-05-16 06:25:05.714212,SELECT,4,13.163761022486376,28.670863368404227,2100.450352290799
2025-05-16 06:25:10.714212,UPDATE,6,44.76281422323954,24.725523812054693,1206.776881452867
2025-05-16 06:25:15.714212,INSERT,2,41.737902867640585,39.04839574138413,2442.8415217635043
2025-05-16 06:25:20.714212,DELETE,1,95.36381700864132,87.46310467802927,4277.812747916621
2025-05-16 06:25:25.714212,UPDATE,1,10.230806092206272,14.278094872886982,747.4309297420656
2025-05-16 06:25:30.714212,UPDATE,9,76.9444528377126,67.68649083783839,4273.287473126443
2025-05-16 06:25:35.714212,INSERT,6,83.53718011022964,41.045138199547736,8105.5143391256515
2025-05-16 06:25:40.714212,UPDATE,4,38.33272168586259,79.37639590451154,6875.708060670074
2025-05-16 06:25:45.714212,DELETE,5,99.45243262840064,51.37243668431675,1317.095560570905
2025-05-16 06:25:50.714212,UPDATE,8,24.864822200741024,20.59506085099197,3007.2702235724764
2025-05-16 06:25:55.714212,UPDATE,3,13.67893990405701,12.56277819853314,1092.9241700159018
2025-05-16 06:26:00.714212,INSERT,5,47.11031410229538,48.94405083759665,3404.0681380138326
2025-05-16 06:26:05.714212,UPDATE,7,69.02647268369205,83.51495560650919,3003.5029876303156
2025-05-16 06:26:10.714212,SELECT,6,67.41811756009483,77.32698234847935,984.7246210562405
2025-05-16 06:26:15.714212,UPDATE,2,22.62569907329302,12.328294295150108,1943.6433064212604
2025-05-16 06:26:20.714212,DELETE,3,36.59883480713852,55.451902178771036,3759.7839214760734
2025-05-16 06:26:25.714212,SELECT,4,52.42565707153583,27.396450870262655,1218.7136403562
2025-05-16 06:26:30.714212,SELECT,1,36.108876175439946,83.61404049409788,4433.868747917184
2025-05-16 06:26:35.714212,INSERT,1,90.76849980118641,20.4140052187962,4243.427933205058
2025-05-16 06:26:40.714212,SELECT,7,34.80709804717068,76.19060815366896,1797.476755740055
2025-05-16 06:26:45.714212,INSERT,1,93.2643113473503,58.252557405459726,6330.88081014455
2025-05-16 06:26:50.714212,INSERT,5,81.24071519199529,13.917012193339273,5305.251666249076
2025-05-16 06:26:55.714212,DELETE,3,98.71975688364249,56.562687821176254,3944.437159900041
2025-05-16 06:27:00.714212,INSERT,9,30.159031801672626,49.21101227729737,4291.194344349506
2025-05-16 06:27:05.714212,UPDATE,5,44.75087735340733,81.46912423462965,1575.2856632929897
2025-05-16 06:27:10.714212,DELETE,8,86.07499413726887,21.70388936904989,2094.182657983458
2025-05-16 06:27:15.714212,INSERT,3,15.68697322408552,74.41169329654184,4093.6835568980964
2025-05-16 06:27:20.714212,SELECT,2,83.24534803494683,42.14492925632035,6025.09096844844
2025-05-16 06:27:25.714212,SELECT,1,19.17852452983299,77.49064702702289,4775.6449816671075
2025-05-16 06:27:30.714212,UPDATE,1,24.50378724027174,57.636154930768754,2677.3636124096906
2025-05-16 06:27:35.714212,INSERT,4,31.81488782756315,13.207138042698006,825.3054153666006
2025-05-16 06:27:40.714212,INSERT,4,84.82619040501454,62.07529506172613,4167.259720409068
2025-05-16 06:27:45.714212,INSERT,9,44.0325385025266,33.37349440602772,3952.27672743343
2025-05-16 06:27:50.714212,SELECT,3,42.329213413797646,43.76308254207245,6928.452578363791
2025-05-16 06:27:55.714212,SELECT,6,94.15264334971678,71.75506724172473,3047.051823197177
2025-05-16 06:28:00.714212,UPDATE,3,46.266901775217654,73.12353572743558,2168.662811560437
2025-05-16 06:28:05.714212,INSERT,9,42.318398478650266,16.699468193151745,5455.943831830391
2025-05-16 06:28:10.714212,SELECT,8,16.08389627463819,37.28967425265288,1807.819153565851
2025-05-16 06:28:15.714212,SELECT,9,53.415512744965554,33.56399913395721,3089.064943339371
2025-05-16 06:28:20.714212,DELETE,5,12.8971416266637,54.796626586538764,7352.554252191544
2025-05-16 06:28:25.714212,SELECT,9,88.42439493925599,86.48738863896223,7781.150324000207
2025-05-16 06:28:30.714212,UPDATE,5,48.19679302555091,17.558991812673703,7027.50444081501
2025-05-16 06:28:35.714212,UPDATE,1,65.12764165310136,32.16406152592864,2617.694872504792
2025-05-16 06:28:40.714212,DELETE,7,65.8376611617499,31.472039253094266,2466.840714236013
2025-05-16 06:28:45.714212,INSERT,1,79.01591824997806,51.57198655574854,1557.198560853968
2025-05-16 06:28:50.714212,SELECT,9,98.8948986142881,16.228209786845376,7066.817135292723
2025-05-16 06:28:55.714212,SELECT,9,31.955573857134148,73.98911886395821,6736.644430200545
2025-05-16 06:29:00.714212,DELETE,1,72.11136319580378,26.788579135995974,6934.68126283357
2025-05-16 06:29:05.714212,DELETE,3,38.54731371102078,27.790929792828116,6013.492185060804
2025-05-16 06:29:10.714212,UPDATE,1,53.83554435109951,17.25703584367143,6510.062778563979
2025-05-16 06:29:15.714212,INSERT,2,21.451945036108015,75.45019692789666,5861.269091420166
2025-05-16 06:29:20.714212,INSERT,3,93.1413809991724,40.43868721426345,4033.0322737160222
2025-05-16 06:29:25.714212,INSERT,1,23.195228465797133,34.747575143301226,7147.605014325485
2025-05-16 06:29:30.714212,SELECT,3,89.96470570087094,34.43561772998531,4004.8101681249964
2025-05-16 06:29:35.714212,UPDATE,7,85.27676699223902,32.657887064033105,818.6766223472835
2025-05-16 06:29:40.714212,SELECT,3,94.4084225289043,47.783864726250165,6858.419044614827
2025-05-16 06:29:45.714212,UPDATE,8,42.441258007549465,47.2849041944285,4969.754069926093
2025-05-16 06:29:50.714212,SELECT,7,82.1340170315113,83.57026800176367,7479.016331836216
2025-05-16 06:29:55.714212,DELETE,6,82.86574572348938,79.57203800659012,1438.7198660841289
2025-05-16 06:30:00.714212,SELECT,7,69.67456671808603,55.46100116309531,5165.712011030698
2025-05-16 06:30:05.714212,INSERT,9,16.344239203241337,19.805518521280987,2102.5550812861106
2025-05-16 06:30:10.714212,UPDATE,6,44.359875799011036,11.063574066521413,902.8563000457144
2025-05-16 06:30:15.714212,INSERT,7,73.99005958698248,54.89971702882872,2412.480131551659
2025-05-16 06:30:20.714212,SELECT,6,25.8929463513605,34.24261479835085,2269.506133460396
2025-05-16 06:30:25.714212,SELECT,9,33.8186125779463,28.38287439396688,5810.670757055382
2025-05-16 06:30:30.714212,INSERT,3,50.689015685159674,52.48942793521694,3479.4561964149907
2025-05-16 06:30:35.714212,UPDATE,4,34.47066458985803,72.11544516812657,2819.856746254218
2025-05-16 06:30:40.714212,INSERT,6,13.144210708701252,21.97326057253532,4522.654834247395
2025-05-16 06:30:45.714212,DELETE,4,16.848124670617267,82.04223910121308,5829.944060022121
2025-05-16 06:30:50.714212,DELETE,8,49.40249127336079,15.828404939511067,6938.4557020465145
2025-05-16 06:30:55.714212,DELETE,7,10.614627509704944,30.547915598099735,7576.956210900779
2025-05-16 06:31:00.714212,INSERT,1,87.24484761949813,48.184253575216225,7336.7714277322775
2025-05-16 06:31:05.714212,INSERT,3,88.07197669964614,39.5916409585125,1145.1939232804025
2025-05-16 06:31:10.714212,DELETE,2,96.54975048868019,45.97539610133591,6539.014019766441
2025-05-16 06:31:15.714212,INSERT,6,57.16634387770601,32.746891095157984,5640.193154791107
2025-05-16 06:31:20.714212,UPDATE,5,87.73427115397752,75.21384575702342,4109.25421993682
2025-05-16 06:31:25.714212,DELETE,8,20.07945184040838,56.857211205271255,3480.087601857899
2025-05-16 06:31:30.714212,INSERT,4,65.81941627667186,74.66868898645997,2144.4506179694426
2025-05-16 06:31:35.714212,DELETE,6,61.36249253303953,72.07673969580577,6773.531171499786
2025-05-16 06:31:40.714212,UPDATE,7,34.78477084599578,11.068143945321003,2921.193712766005
2025-05-16 06:31:45.714212,DELETE,5,40.293901092472844,42.85310555986213,4934.975791165146
2025-05-16 06:31:50.714212,UPDATE,7,61.10078951410007,62.42396794901401,1421.8579385943651
2025-05-16 06:31:55.714212,INSERT,2,89.23592280411877,32.199469551222826,7420.838674903476
2025-05-16 06:32:00.714212,DELETE,8,20.578515848106846,82.92578431039757,898.1385707221914
2025-05-16 06:32:05.714212,SELECT,3,46.402331617315895,37.93647902139273,7755.488281825674
2025-05-16 06:32:10.714212,DELETE,9,80.76481699284155,29.995929355404307,3137.435214726155
2025-05-16 06:32:15.714212,SELECT,4,61.48978538521449,87.29020627399353,4254.809635438212
2025-05-16 06:32:20.714212,INSERT,9,74.7186926584834,36.56344436426953,771.5526586539247
2025-05-16 06:32:25.714212,UPDATE,6,22.929076798282203,60.264899621715045,2264.8288103435134
2025-05-16 06:32:30.714212,DELETE,1,16.037729249153934,33.509137794403344,2005.0566297376245
2025-05-16 06:32:35.714212,SELECT,2,75.09877505790696,56.341374591162996,2678.0205072485223
2025-05-16 06:32:40.714212,UPDATE,7,29.49933012696242,35.3635466087935,6322.424940869751
2025-05-16 06:32:45.714212,DELETE,4,72.27346070962938,41.2814390672701,4822.7117768878525
2025-05-16 06:32:50.714212,INSERT,1,46.4625459712751,80.25939913652029,1459.5633452128181
2025-05-16 06:32:55.714212,UPDATE,6,50.89114563870215,45.533470857909045,6116.281539995314
2025-05-16 06:33:00.714212,INSERT,1,13.24988608952006,12.727934860858987,3529.721985630905
2025-05-16 06:33:05.714212,DELETE,6,13.809544313316742,36.24548895575007,7569.889195118921
2025-05-16 06:33:10.714212,SELECT,5,94.27523500751161,54.2145512667275,8083.9752746922695
2025-05-16 06:33:15.714212,DELETE,8,37.828647585878,43.61274852903659,4713.913922913608
2025-05-16 06:33:20.714212,DELETE,5,57.58392654677843,54.73157519568949,6912.667373457821
2025-05-16 06:33:25.714212,SELECT,8,64.2873110481998,29.20939262651344,3953.6544938979846
2025-05-16 06:33:30.714212,SELECT,6,83.78852602412745,19.409384337884205,5545.470295589667
2025-05-16 06:33:35.714212,SELECT,2,68.04569711480062,84.20671483779745,8188.587456471345
2025-05-16 06:33:40.714212,SELECT,9,81.08175868904074,31.20757506286268,2834.7783742486363
2025-05-16 06:33:45.714212,UPDATE,1,71.37890573398568,43.58736266822709,5937.935319038306
2025-05-16 06:33:50.714212,SELECT,1,30.681782402018637,36.32912267700202,1445.783082184814
2025-05-16 06:33:55.714212,INSERT,5,91.79466591009991,43.273664331430325,7145.611073302145
2025-05-16 06:34:00.714212,SELECT,8,27.884501485087213,21.187142043220284,1462.658676350356
2025-05-16 06:34:05.714212,DELETE,8,12.00496679698343,28.440317715761807,541.9621717294472
2025-05-16 06:34:10.714212,DELETE,2,20.30317787846424,11.941075844755886,5793.0177020682295
2025-05-16 06:34:15.714212,DELETE,3,72.5909199144937,36.36578549090464,1422.2646814066543
2025-05-16 06:34:20.714212,SELECT,4,89.9212736370137,42.90792843925185,4730.636198489525
2025-05-16 06:34:25.714212,UPDATE,6,22.05927487180471,54.10518044941415,7113.513661918656
2025-05-16 06:34:30.714212,SELECT,1,88.8090980686398,34.682246964302514,5002.5473462889795
2025-05-16 06:34:35.714212,INSERT,8,12.64951727121295,70.60835813482643,3992.7606041070285
2025-05-16 06:34:40.714212,DELETE,9,32.69927608825474,34.35955656023471,4116.428246969036
2025-05-16 06:34:45.714212,SELECT,2,56.42977350501724,40.89859769560125,2726.283296335172
2025-05-16 06:34:50.714212,INSERT,9,87.35134688029237,48.033996387062636,6786.315788339281
2025-05-16 06:34:55.714212,SELECT,5,26.58645862928964,54.07110067057668,6570.022812423176
2025-05-16 06:35:00.714212,INSERT,2,10.29713366132021,55.70620568479623,3159.479494746871
2025-05-16 06:35:05.714212,INSERT,5,32.00448860808664,56.36447864975641,6225.746186774519
2025-05-16 06:35:10.714212,UPDATE,6,94.65249887113589,38.80509454757238,4898.686852289733
2025-05-16 06:35:15.714212,DELETE,8,89.93782132733683,48.82986796309193,2607.056277729304
2025-05-16 06:35:20.714212,DELETE,3,53.15209690728964,20.355509858973146,3564.3471716602403
2025-05-16 06:35:25.714212,SELECT,3,62.04993836972402,36.2133072606236,1007.4967021055415
2025-05-16 06:35:30.714212,SELECT,9,43.29326918072933,87.28347057617881,5973.118889282452
2025-05-16 06:35:35.714212,UPDATE,6,33.55229325337477,17.44512145132819,2104.748401711426
2025-05-16 06:35:40.714212,DELETE,1,33.64434666636215,26.93386163190663,2848.161405190541
2025-05-16 06:35:45.714212,INSERT,7,73.69802076351985,76.40786213983381,7691.687803785545
2025-05-16 06:35:50.714212,DELETE,7,73.87242096079599,15.291803978721337,2020.3789345044113
2025-05-16 06:35:55.714212,INSERT,4,25.000033080599906,80.69964186695758,2197.0413758123614
2025-05-16 06:36:00.714212,DELETE,5,21.84184829152414,81.56051180741746,4115.549982171382
2025-05-16 06:36:05.714212,UPDATE,8,33.08609342232661,24.83018298415213,4044.538275141968
2025-05-16 06:36:10.714212,DELETE,9,12.534151580188405,19.792314562627908,4827.9298312508945
2025-05-16 06:36:15.714212,UPDATE,4,41.333896290941425,21.52321211516388,1549.296880888714
2025-05-16 06:36:20.714212,INSERT,9,40.380445324022816,28.23133496287923,2644.776978951262
2025-05-16 06:36:25.714212,INSERT,3,46.68409631475794,59.0041982171384,5434.14737807509
2025-05-16 06:36:30.714212,INSERT,6,97.04114087918168,77.34574759080779,7529.9866823938955
2025-05-16 06:36:35.714212,DELETE,9,30.094049840321595,58.25644973703065,3823.807751352896
2025-05-16 06:36:40.714212,SELECT,2,47.90149095697422,85.99365251203253,7519.618379554754
2025-05-16 06:36:45.714212,INSERT,3,18.817812907355957,45.68084430593214,6878.666194709618
2025-05-16 06:36:50.714212,DELETE,4,27.12584950874229,50.931370215543424,7325.229964147812
2025-05-16 06:36:55.714212,SELECT,9,67.48436787701615,85.83878788841454,6781.022169325558
2025-05-16 06:37:00.714212,SELECT,8,92.87611529444565,12.734305168779194,2980.4680191719754
2025-05-16 06:37:05.714212,DELETE,8,62.355230288412365,55.05007457215031,1220.6784613009079
2025-05-16 06:37:10.714212,SELECT,9,14.229903074335478,60.43546038292053,1264.8335735758853
2025-05-16 06:37:15.714212,INSERT,7,32.09485474122819,40.98747073311433,1535.4526415752343
2025-05-16 06:37:20.714212,UPDATE,5,36.942447229980424,42.416061307838355,7296.242067093683
2025-05-16 06:37:25.714212,SELECT,9,10.188277169607558,86.96765326806434,5404.714343324312
2025-05-16 06:37:30.714212,SELECT,9,98.0612657647895,18.27799941854782,1408.5885595912753
2025-05-16 06:37:35.714212,DELETE,6,15.754324759760578,10.604905044287634,3503.87332748723
2025-05-16 06:37:40.714212,INSERT,6,69.74731310476605,61.681887129032845,5393.170995149342
2025-05-16 06:37:45.714212,SELECT,7,44.82838315265891,18.986029395007947,2667.454790347948
2025-05-16 06:37:50.714212,UPDATE,8,38.39140188039076,10.308770212257228,7627.374186729021
2025-05-16 06:37:55.714212,INSERT,2,90.69193596755545,66.02756086532267,5590.834622147219
2025-05-16 06:38:00.714212,SELECT,1,55.30634938732353,27.57237358004698,4299.418155763457
2025-05-16 06:38:05.714212,INSERT,1,98.84230518499167,72.99140574724045,3168.9273616379046
2025-05-16 06:38:10.714212,INSERT,1,42.094220382384954,36.79134548790298,2778.2106855241545
2025-05-16 06:38:15.714212,SELECT,4,64.8191691924469,51.329710344326365,2579.7849125326557
2025-05-16 06:38:20.714212,UPDATE,7,24.484911292409237,10.420576923208866,4951.095283438633
2025-05-16 06:38:25.714212,DELETE,8,85.05380659136512,37.606128674899054,8190.065825843585
2025-05-16 06:38:30.714212,SELECT,1,99.92714081409375,79.12882032953502,5493.854107093218
2025-05-16 06:38:35.714212,INSERT,8,90.60121745497277,25.53273851069191,5981.617203959891
2025-05-16 06:38:40.714212,UPDATE,9,62.113982487808585,43.52583745065232,4065.947680927001
2025-05-16 06:38:45.714212,UPDATE,3,98.35231816765499,16.368338628881514,6514.800873700171
2025-05-16 06:38:50.714212,UPDATE,2,12.029407183973273,89.02674912739289,8104.814150530367
2025-05-16 06:38:55.714212,INSERT,4,90.87416639379514,84.0203675952333,2275.4828135791668
2025-05-16 06:39:00.714212,DELETE,3,53.04469016507608,30.904293241321863,4339.652550020076
2025-05-16 06:39:05.714212,UPDATE,8,10.890828176449453,76.00473046291788,1113.655345913034
2025-05-16 06:39:10.714212,INSERT,2,54.19547310582075,51.22756721262925,2548.3334508927283
2025-05-16 06:39:15.714212,UPDATE,8,39.79980540345565,49.77117342991078,6582.184692936904
2025-05-16 06:39:20.714212,UPDATE,4,76.80415360017359,36.10392280406349,2761.337926476687
2025-05-16 06:39:25.714212,DELETE,9,19.515431743337896,64.88798303957486,6802.2920650872575
2025-05-16 06:39:30.714212,UPDATE,9,16.94740043483222,12.625780916543325,3099.3832244599116
2025-05-16 06:39:35.714212,INSERT,6,69.31206282941264,14.6556394866204,6494.716744225488
2025-05-16 06:39:40.714212,DELETE,7,12.922615773062068,34.76932512829037,7968.937013930116
2025-05-16 06:39:45.714212,DELETE,2,20.505795768080723,46.734401736229586,5829.6904448902515
2025-05-16 06:39:50.714212,DELETE,7,64.56529740845184,31.815338370334274,1312.4538780731
2025-05-16 06:39:55.714212,UPDATE,8,46.87915788304656,52.00310906959751,2987.1024560573974
2025-05-16 06:40:00.714212,INSERT,1,22.526867990902318,65.42761165913136,1198.3461048395195
2025-05-16 06:40:05.714212,INSERT,4,55.6796423336913,63.56888653793298,1250.156980217942
2025-05-16 06:40:10.714212,DELETE,9,60.76656387415884,83.65840218785162,7147.4036572081595
2025-05-16 06:40:15.714212,UPDATE,1,84.71446987239995,64.14082965499787,2188.720934237574
2025-05-16 06:40:20.714212,INSERT,9,93.03180815531182,51.89128423853445,3350.6349374590427
2025-05-16 06:40:25.714212,DELETE,4,93.74330951240253,26.082930511292865,4321.807168746649
2025-05-16 06:40:30.714212,UPDATE,4,19.78283599972685,15.707080155514266,5153.825779154928
2025-05-16 06:40:35.714212,INSERT,1,21.835798605000356,73.95929571693515,1934.9558865272338
2025-05-16 06:40:40.714212,UPDATE,7,35.39321822033001,38.23373243389999,7421.865850776594
2025-05-16 06:40:45.714212,SELECT,6,25.594726396636894,38.9545189738098,3927.6832301878812
2025-05-16 06:40:50.714212,SELECT,3,59.632499547511756,28.805549737619067,3429.5713291286193
2025-05-16 06:40:55.714212,INSERT,9,18.767332171226865,12.59082729298326,1819.156913476685
2025-05-16 06:41:00.714212,SELECT,4,43.727301201145266,34.316334775151816,8048.741204628659
2025-05-16 06:41:05.714212,UPDATE,5,61.51743866972802,76.89439334864551,6644.0455385208
2025-05-16 06:41:10.714212,INSERT,6,48.25073442848243,38.688190615566064,1560.3280447723273
2025-05-16 06:41:15.714212,UPDATE,9,73.11896830877359,16.43286994995668,3639.381978290548
2025-05-16 06:41:20.714212,INSERT,6,96.5308382141855,63.39608115298905,5617.195838354302
2025-05-16 06:41:25.714212,UPDATE,9,63.646127044116525,56.25612915236998,5513.338852426477
2025-05-16 06:41:30.714212,SELECT,7,65.22196383685173,52.09034696954813,5659.268342595264
2025-05-16 06:41:35.714212,SELECT,9,63.803836252302425,70.5547226562426,3502.412518853914
2025-05-16 06:41:40.714212,UPDATE,2,93.22105921881462,35.66225897980306,2721.6592232699513
2025-05-16 06:41:45.714212,UPDATE,5,66.50615473047088,59.010964050895474,6726.48956469109
2025-05-16 06:41:50.714212,SELECT,6,65.95032149030955,43.827720981878,4555.20314405817
2025-05-16 06:41:55.714212,INSERT,1,50.059936112093666,66.40397746736684,5694.508056863599
2025-05-16 06:42:00.714212,DELETE,6,54.76915628528544,77.6497624658345,6896.037867022595
2025-05-16 06:42:05.714212,DELETE,6,34.30485781625924,80.2631125761362,4180.715343463755
2025-05-16 06:42:10.714212,UPDATE,1,97.99917855665325,26.388313691709957,8172.337780470991
2025-05-16 06:42:15.714212,INSERT,3,75.589799793556,53.338063699319804,7252.11720000847
2025-05-16 06:42:20.714212,SELECT,9,94.8775620434439,79.24346318245352,6761.042841108676
2025-05-16 06:42:25.714212,SELECT,4,73.30755459961858,54.488674697428465,6964.637878817734
2025-05-16 06:42:30.714212,INSERT,5,11.230418091057569,27.000258514638062,5483.319903359243
2025-05-16 06:42:35.714212,DELETE,9,70.40519397337079,43.338902247982475,6879.209035667447
2025-05-16 06:42:40.714212,INSERT,1,14.167497584272287,79.8427145652873,5992.1184329775815
2025-05-16 06:42:45.714212,INSERT,2,91.823354385816,84.66779602982653,5460.9517588057
2025-05-16 06:42:50.714212,INSERT,8,33.63265123466567,83.35910149671489,822.9233456543001
2025-05-16 06:42:55.714212,SELECT,9,79.44201050521018,55.21173317090113,5159.492649173321
2025-05-16 06:43:00.714212,SELECT,7,67.4256619380535,53.676218650826925,4222.958581325221
2025-05-16 06:43:05.714212,INSERT,9,41.47573424930756,53.23154847522694,4018.158064623392
2025-05-16 06:43:10.714212,UPDATE,4,90.02176307477669,57.5577527820372,1132.6875741108192
2025-05-16 06:43:15.714212,DELETE,1,97.58946869844347,24.119499024544098,3871.0515280504114
2025-05-16 06:43:20.714212,INSERT,1,69.37106634672895,81.9170819325972,5517.108434903544
2025-05-16 06:43:25.714212,SELECT,5,17.712357577870996,51.095104289852586,1775.4217436618337
2025-05-16 06:43:30.714212,DELETE,5,37.77830853141383,20.356781186293908,3905.6250584952836
2025-05-16 06:43:35.714212,UPDATE,7,88.01648829049044,65.81980073181981,2412.160524918455
2025-05-16 06:43:40.714212,DELETE,7,64.50816221733095,29.368889529609277,762.2673506155014
2025-05-16 06:43:45.714212,SELECT,8,25.88853298606853,71.82765322578273,6241.4903596105305
2025-05-16 06:43:50.714212,INSERT,8,66.58661375917859,16.08797923708221,4327.3227696261365
2025-05-16 06:43:55.714212,UPDATE,1,80.27708045001603,20.961941309151495,1179.18945420495
2025-05-16 06:44:00.714212,SELECT,2,61.883623004425225,23.86119230911997,8004.125193110715
2025-05-16 06:44:05.714212,INSERT,3,21.56050307157328,53.90900684421989,1560.6947955457827
2025-05-16 06:44:10.714212,DELETE,3,34.1790253664131,42.65039113779839,7860.895334025759
2025-05-16 06:44:15.714212,UPDATE,2,44.19123966460795,18.945798238973754,2307.426088051538
2025-05-16 06:44:20.714212,DELETE,5,33.50874548679006,69.96338328207902,2249.3759626856418
2025-05-16 06:44:25.714212,UPDATE,5,62.70001373866262,24.455331790745767,955.713597397053
2025-05-16 06:44:30.714212,DELETE,6,48.43131188612764,76.2711786537274,7814.196845226699
2025-05-16 06:44:35.714212,UPDATE,7,80.17903003688929,32.415520678053284,2331.7626830335676
2025-05-16 06:44:40.714212,UPDATE,4,90.2178604710929,70.27553412179853,5596.734088037392
2025-05-16 06:44:45.714212,UPDATE,6,60.47911852897752,40.226707933477385,8146.565410996306
2025-05-16 06:44:50.714212,INSERT,3,75.2760466141898,82.92272484690419,3613.4596797150202
2025-05-16 06:44:55.714212,DELETE,5,50.238175315160994,59.11267894823695,6246.155456429927
2025-05-16 06:45:00.714212,DELETE,9,80.16137208486698,80.3960430983859,2094.610372262363
2025-05-16 06:45:05.714212,DELETE,5,30.41282605437556,21.499071318194503,3062.4092831469425
2025-05-16 06:45:10.714212,DELETE,1,34.20391182669401,31.960539873506264,6199.426362252823
2025-05-16 06:45:15.714212,SELECT,2,40.12698700475863,80.34155179775806,5896.009446121309
2025-05-16 06:45:20.714212,INSERT,1,12.399208095042946,67.20355490650297,5259.911543582583
2025-05-16 06:45:25.714212,SELECT,5,81.57964057470174,60.96199862901851,7285.4455926374385
2025-05-16 06:45:30.714212,INSERT,6,72.04997350767923,84.63243705489418,1356.678153027554
2025-05-16 06:45:35.714212,SELECT,1,83.65072411074478,51.32386902302815,1272.8891305537854
2025-05-16 06:45:40.714212,DELETE,4,89.83909641909968,14.490227479318554,4702.661736718716
2025-05-16 06:45:45.714212,INSERT,2,93.53151285957385,18.142986373009453,6458.209154375033
2025-05-16 06:45:50.714212,DELETE,8,63.94793524808408,70.35796213479335,1638.8875037451241
2025-05-16 06:45:55.714212,INSERT,6,69.70575092924243,83.33205357928968,514.0235984241069
2025-05-16 06:46:00.714212,INSERT,5,84.87075034164889,14.692726132467131,961.2505556479017
2025-05-16 06:46:05.714212,DELETE,3,84.96622209609862,51.77762524059945,5196.369438649092
2025-05-16 06:46:10.714212,SELECT,3,61.453914573248746,16.24998951790177,516.2304290231366
2025-05-16 06:46:15.714212,INSERT,3,54.10102425893069,87.48103353263868,2976.6424354093583
2025-05-16 06:46:20.714212,DELETE,6,17.606901056606418,16.85730189773521,3428.8244788122465
2025-05-16 06:46:25.714212,UPDATE,1,10.905525323624573,30.793391836106203,5145.3374456403
2025-05-16 06:46:30.714212,UPDATE,3,86.4532270201963,29.064920744135634,7734.13035426474
2025-05-16 06:46:35.714212,INSERT,5,36.40968974613345,82.45003960474932,2928.4196874234212
2025-05-16 06:46:40.714212,DELETE,1,29.63773864935486,77.56970712415836,867.0206000801751
2025-05-16 06:46:45.714212,DELETE,7,20.15590696840509,47.75801059861922,1459.5382380661802
2025-05-16 06:46:50.714212,SELECT,7,14.39307075076318,21.258498116118687,1951.6456314224392
2025-05-16 06:46:55.714212,UPDATE,6,48.52978534811775,12.93816184221141,3674.7116693993908
2025-05-16 06:47:00.714212,INSERT,5,36.80429136626719,83.5980723118613,726.2591208610571
2025-05-16 06:47:05.714212,INSERT,6,39.020453832037475,60.28852958688969,7522.31529222048
2025-05-16 06:47:10.714212,UPDATE,4,68.04684835559706,85.70035156352728,940.7073194924747
2025-05-16 06:47:15.714212,INSERT,2,57.34596144578308,25.237085750520887,2349.767429468569
2025-05-16 06:47:20.714212,INSERT,3,45.921876923611826,17.18492811917625,3389.126549486856
2025-05-16 06:47:25.714212,SELECT,4,95.58907957658603,65.56510594953085,5293.157485615825
2025-05-16 06:47:30.714212,UPDATE,4,44.90994852885664,47.734547792641926,5594.9637832758535
2025-05-16 06:47:35.714212,UPDATE,5,60.356685474714354,62.75739504987747,5523.852811747547
2025-05-16 06:47:40.714212,INSERT,5,19.791211315613673,53.6917282602188,693.7903881320385
2025-05-16 06:47:45.714212,INSERT,8,19.00815592877521,35.73390468675065,3007.0894840298633
2025-05-16 06:47:50.714212,SELECT,6,56.460263538861916,35.801268059135076,2665.9866452880697
2025-05-16 06:47:55.714212,DELETE,8,73.8135032469148,83.60899237546823,1058.6125875965513
2025-05-16 06:48:00.714212,UPDATE,3,23.015995007262248,19.392023744686302,1033.5910011332685
2025-05-16 06:48:05.714212,INSERT,8,73.64571236983137,82.8009353184719,1585.5342621364546
2025-05-16 06:48:10.714212,UPDATE,5,17.335346224492508,55.1622071461822,915.3885602958952
2025-05-16 06:48:15.714212,DELETE,6,24.894154178490815,67.18630809505797,6782.277479458207
2025-05-16 06:48:20.714212,INSERT,8,74.66567944631257,28.53975120142917,3128.0558850082393
2025-05-16 06:48:25.714212,DELETE,2,30.61490171807957,16.72598396403064,4887.815682274826
2025-05-16 06:48:30.714212,INSERT,9,62.04357417486432,83.61119471416853,2664.6223902532915
2025-05-16 06:48:35.714212,SELECT,2,41.11609903073544,88.37181732379067,7039.716019884776
2025-05-16 06:48:40.714212,SELECT,4,93.42766377620848,15.64553952029736,6568.596144986939
2025-05-16 06:48:45.714212,DELETE,1,75.39957103186543,48.95397151186998,3648.889631163017
2025-05-16 06:48:50.714212,INSERT,3,57.895034573034714,13.767647464845307,7309.621648788576
2025-05-16 06:48:55.714212,UPDATE,8,55.78496806656341,50.7979715278973,2664.246004318742
2025-05-16 06:49:00.714212,DELETE,3,19.341185897750368,39.98387407006851,3914.265934639612
2025-05-16 06:49:05.714212,UPDATE,7,59.69268028995971,74.61247232652657,3176.183917074417
2025-05-16 06:49:10.714212,DELETE,6,37.593967185407905,77.82755227643446,6969.315848357345
2025-05-16 06:49:15.714212,INSERT,7,13.451900634671437,56.469007679566985,5310.81511934904
2025-05-16 06:49:20.714212,UPDATE,6,50.942368003790214,83.28028086098625,6129.027694541627
2025-05-16 06:49:25.714212,SELECT,9,28.509392684048283,29.02694582492395,699.0203357311377
2025-05-16 06:49:30.714212,SELECT,7,59.660875723720615,61.44974052055741,5680.55068300953
2025-05-16 06:49:35.714212,SELECT,4,73.55137942394623,59.160043247042864,4647.960610666449
2025-05-16 06:49:40.714212,SELECT,9,64.52281277330829,81.58796182079143,2230.623889093831
2025-05-16 06:49:45.714212,UPDATE,9,85.35179297472767,60.49930114383511,3138.3689715812693
2025-05-16 06:49:50.714212,SELECT,3,31.586402080108456,43.969444182660524,7718.700987037543
2025-05-16 06:49:55.714212,UPDATE,9,91.76068363502087,66.66832586291834,1887.051799852943
2025-05-16 06:50:00.714212,UPDATE,1,42.790987120152366,14.11397526400851,7011.092766630555
2025-05-16 06:50:05.714212,DELETE,2,32.29552761354228,78.9654611472886,7961.922827603677
2025-05-16 06:50:10.714212,INSERT,5,77.17642292433445,46.887642965055704,2650.051929509991
2025-05-16 06:50:15.714212,SELECT,1,86.27993859794675,59.285653752385,5733.940639355454
2025-05-16 06:50:20.714212,DELETE,7,66.02921422937843,49.237121686521384,1610.400975105303
2025-05-16 06:50:25.714212,INSERT,7,74.14003268417554,37.17750323210108,2494.674153498313
2025-05-16 06:50:30.714212,SELECT,6,96.26681360185812,12.485445727060025,7726.731992061554
2025-05-16 06:50:35.714212,UPDATE,5,99.35018671498932,17.93591249576182,6560.923731453781
2025-05-16 06:50:40.714212,INSERT,8,50.046966438260355,29.743508701287205,6677.714649519085
2025-05-16 06:50:45.714212,SELECT,5,28.88803240538727,39.514631412478835,4521.33341596287
2025-05-16 06:50:50.714212,INSERT,1,25.247099283353055,69.3241212788032,2652.3650424970997
2025-05-16 06:50:55.714212,INSERT,9,74.29600241112136,87.28115422236644,5654.775880066907
2025-05-16 06:51:00.714212,DELETE,8,24.189375776570238,35.06835010562664,2811.8464708428223
2025-05-16 06:51:05.714212,SELECT,1,78.28006304595797,43.712014587732064,1364.2933152442902
2025-05-16 06:51:10.714212,INSERT,6,71.49965693525147,81.48348116589987,7691.498069654594
2025-05-16 06:51:15.714212,INSERT,1,28.758670265353075,80.68873982313697,5613.291142881163
2025-05-16 06:51:20.714212,INSERT,8,75.9757263496106,33.32537372882684,1966.2814345828308
2025-05-16 06:51:25.714212,INSERT,6,25.57694694645631,22.325101715900733,5436.68655687598
2025-05-16 06:51:30.714212,SELECT,9,92.53593292486127,89.24463064760039,3126.3326840837117
2025-05-16 06:51:35.714212,SELECT,3,75.14548348389665,79.38641013281493,4494.934074451994
2025-05-16 06:51:40.714212,UPDATE,5,12.534848945595586,10.143787701707838,3103.802912513732
2025-05-16 06:51:45.714212,DELETE,7,63.15524487876859,67.46902948741234,6964.714289339559
2025-05-16 06:51:50.714212,DELETE,5,13.228633441151537,26.864448842544277,4062.886959285007
2025-05-16 06:51:55.714212,UPDATE,8,30.572518252481927,26.371697278229274,1982.7822049946137
2025-05-16 06:52:00.714212,DELETE,6,83.98215367296517,30.182587737207616,3796.1622555743575
2025-05-16 06:52:05.714212,SELECT,2,80.48830538206488,85.43110359407224,4716.601988316298
2025-05-16 06:52:10.714212,SELECT,2,27.88365107996573,70.92467336530578,4487.4569004081295
2025-05-16 06:52:15.714212,SELECT,8,85.46400531865042,22.54604780580676,6233.7423395367305
2025-05-16 06:52:20.714212,DELETE,9,22.462363281618703,89.77968647811954,6054.4544324164735
2025-05-16 06:52:25.714212,DELETE,5,11.34236786255028,37.37671388262537,7377.495276504265
2025-05-16 06:52:30.714212,DELETE,3,26.9164957303361,26.912667501587187,7423.016459927034
2025-05-16 06:52:35.714212,DELETE,2,33.53606279808608,28.826730122355286,6528.216693492213
2025-05-16 06:52:40.714212,SELECT,3,74.52412034009593,52.89640775079863,4897.384337077291
2025-05-16 06:52:45.714212,INSERT,8,76.11903286310148,58.80536956465791,7038.211367410664
2025-05-16 06:52:50.714212,INSERT,6,81.82144411631472,49.189137542353755,3875.443315559077
2025-05-16 06:52:55.714212,INSERT,6,26.32082366363276,63.025750951805264,6614.242989459881
2025-05-16 06:53:00.714212,DELETE,4,14.706397811904862,44.941123667809265,3838.371955438104
2025-05-16 06:53:05.714212,SELECT,3,87.03579672328424,31.910548403929564,1664.2860640180083
2025-05-16 06:53:10.714212,UPDATE,7,56.639365797090306,64.0038430554072,513.9542776106164
2025-05-16 06:53:15.714212,SELECT,6,83.86952075806057,39.36149239297529,7568.490839725919
2025-05-16 06:53:20.714212,INSERT,5,61.40783067783056,62.780752531676484,1067.961689419541
2025-05-16 06:53:25.714212,UPDATE,8,68.89085385006955,51.78872898427066,5019.550162943549
2025-05-16 06:53:30.714212,UPDATE,4,74.61510277992387,68.03218055919618,2086.327181906752
2025-05-16 06:53:35.714212,INSERT,9,73.40940786513106,22.239496795680182,7819.366995378101
2025-05-16 06:53:40.714212,UPDATE,7,35.85412740671914,15.525995883163803,4093.142265216699
2025-05-16 06:53:45.714212,DELETE,9,18.41609816663034,34.42423542601595,2933.215743598756
2025-05-16 06:53:50.714212,SELECT,9,42.9877343323576,30.267645002902093,1116.140943502466
2025-05-16 06:53:55.714212,INSERT,6,67.504933365065,27.223986481450034,770.9567321297804
2025-05-16 06:54:00.714212,UPDATE,3,30.220131467527327,39.32455282970791,7667.152133577813
2025-05-16 06:54:05.714212,DELETE,4,31.59443313663491,35.22282920339989,3735.656387990745
2025-05-16 06:54:10.714212,INSERT,8,84.00070767593594,54.86248993832024,7939.637419518476
2025-05-16 06:54:15.714212,UPDATE,5,75.78320551560685,41.77422263825787,6614.476839417424
2025-05-16 06:54:20.714212,SELECT,4,69.86462091923704,84.28549720737965,2860.1202461216817
2025-05-16 06:54:25.714212,SELECT,9,15.077932881410167,13.598836851962588,6478.217389162906
2025-05-16 06:54:30.714212,UPDATE,4,41.98878887161827,84.9601501989689,3586.4797554218626
2025-05-16 06:54:35.714212,INSERT,1,48.68462028158934,12.04080060283621,3078.266964708256
2025-05-16 06:54:40.714212,DELETE,8,90.09120933570777,20.79631255913041,6187.0045867687895
2025-05-16 06:54:45.714212,INSERT,9,99.99169382389695,60.963692545819484,6505.8896874147395
2025-05-16 06:54:50.714212,INSERT,4,65.74945505440382,48.722869615216155,3298.416792040161
2025-05-16 06:54:55.714212,INSERT,7,10.992278398642563,36.25676821422338,8049.272249265521
2025-05-16 06:55:00.714212,INSERT,3,76.15236441885892,34.92365399919666,3164.2257664122944
2025-05-16 06:55:05.714212,SELECT,4,50.30327127684102,53.407562192864404,4320.329282333629
2025-05-16 06:55:10.714212,SELECT,9,81.03666636623355,78.88749012965833,4811.3691209431
2025-05-16 06:55:15.714212,DELETE,9,38.01479123514114,51.62776927365596,3636.052875653384
2025-05-16 06:55:20.714212,UPDATE,8,77.95795712097288,30.99512735957675,7862.237412032398
2025-05-16 06:55:25.714212,INSERT,5,25.697424467783136,25.43644032219113,5650.2921355811495
2025-05-16 06:55:30.714212,INSERT,3,46.79140450404521,80.77793339073851,1509.004942502309
2025-05-16 06:55:35.714212,UPDATE,6,89.07390925604224,52.57076059025422,1478.1930555464812
2025-05-16 06:55:40.714212,INSERT,7,20.01024461252127,57.800880323897644,7072.641995886352
2025-05-16 06:55:45.714212,UPDATE,5,88.1379345564268,50.222402589528684,2166.5485203511016
2025-05-16 06:55:50.714212,SELECT,7,82.06985720391266,71.88873471999187,1315.1882332565294
2025-05-16 06:55:55.714212,DELETE,7,41.20400844975625,16.92518842556696,608.8301790676073
2025-05-16 06:56:00.714212,UPDATE,7,63.53229338845585,55.893732023870356,3941.444681891854
2025-05-16 06:56:05.714212,DELETE,3,55.246590615884635,54.47732148237079,2578.7476409546357
2025-05-16 06:56:10.714212,SELECT,6,38.86548817934734,50.33674985353497,3214.98188990435
2025-05-16 06:56:15.714212,UPDATE,2,58.83391197077509,16.827605252243323,2426.5152085005275
2025-05-16 06:56:20.714212,DELETE,3,18.641449921980808,39.1305206761662,1755.8224292190941
2025-05-16 06:56:25.714212,DELETE,8,22.342444483326247,29.608668700606493,5326.237194081975
2025-05-16 06:56:30.714212,INSERT,6,58.5898823410297,34.564534180328565,2401.1127932074405
2025-05-16 06:56:35.714212,DELETE,1,68.03149164834007,46.271256184182626,5622.900948005171
2025-05-16 06:56:40.714212,DELETE,7,57.682116926955494,25.334582222512854,8092.06802410896
2025-05-16 06:56:45.714212,UPDATE,5,33.51861728310436,49.838080481058086,869.2964124332182
2025-05-16 06:56:50.714212,DELETE,8,87.69404355249634,14.80206036615849,4133.315856492181
2025-05-16 06:56:55.714212,DELETE,4,40.37230160715458,32.69937476984048,4389.492464621478
2025-05-16 06:57:00.714212,UPDATE,3,73.16141737362577,52.448075827088516,8038.23388094514
2025-05-16 06:57:05.714212,INSERT,4,92.4712867260821,76.45954594702371,6069.357328671212
2025-05-16 06:57:10.714212,INSERT,2,79.72116460511894,26.736097236561946,7975.05509158206
2025-05-16 06:57:15.714212,SELECT,6,34.93626475416933,68.74211068375988,5241.462090304473
2025-05-16 06:57:20.714212,DELETE,8,25.40879849316609,66.29639169416824,6135.265327715712
2025-05-16 06:57:25.714212,SELECT,8,25.592175575814977,40.86293476327618,3053.7260371976063
2025-05-16 06:57:30.714212,INSERT,9,79.68832746011657,16.07237672663537,5652.531796516227
2025-05-16 06:57:35.714212,UPDATE,5,48.42243989208682,33.24847870283292,858.9266740955493
2025-05-16 06:57:40.714212,DELETE,5,17.893717441213347,82.76482861025075,6961.802793755151
2025-05-16 06:57:45.714212,SELECT,4,63.819003684873884,78.71682234832157,1584.7077617587781
2025-05-16 06:57:50.714212,SELECT,8,87.61393015381361,87.90402880409871,3973.2426417710785
2025-05-16 06:57:55.714212,DELETE,3,23.028088725184965,59.913032087011416,3002.522386086711
2025-05-16 06:58:00.714212,DELETE,2,91.08631840462145,32.712918361168704,4221.453627378794
2025-05-16 06:58:05.714212,DELETE,6,31.83956250205948,34.142466551177066,5252.349157956841
2025-05-16 06:58:10.714212,SELECT,2,34.651441256217346,12.519722549849286,2810.4009067231227
2025-05-16 06:58:15.714212,INSERT,4,80.85677215907394,40.69824807863838,5573.200000214991
2025-05-16 06:58:20.714212,DELETE,5,20.850456616893766,66.36795604050626,3725.3387217010154
2025-05-16 06:58:25.714212,INSERT,7,38.017713712568764,87.05788456454778,5786.756716362831
2025-05-16 06:58:30.714212,UPDATE,3,31.776053960498253,82.40710809230704,7324.688297848918
2025-05-16 06:58:35.714212,UPDATE,6,20.08396223813842,66.83705102748849,7203.5276702619985
2025-05-16 06:58:40.714212,INSERT,3,29.12184396628993,22.414056075089253,1146.6580498641993
2025-05-16 06:58:45.714212,SELECT,3,27.20904459694254,52.07344077050714,2160.108982768009
2025-05-16 06:58:50.714212,INSERT,2,29.83790839367714,39.58843003900738,3614.4957541765284
2025-05-16 06:58:55.714212,UPDATE,2,32.749591243424675,27.549898785188898,4693.08274321028
2025-05-16 06:59:00.714212,DELETE,9,54.38788041864826,59.40150801717788,6865.213987783061
2025-05-16 06:59:05.714212,UPDATE,2,36.42580869000187,34.84943880358238,4596.2237284472885
2025-05-16 06:59:10.714212,DELETE,3,24.52520317748757,36.17597148470816,3350.1299765046465
2025-05-16 06:59:15.714212,SELECT,8,17.366186336623556,64.77958114775144,3716.094301809999
