query_id,execution_time_ms,CPU_allocation_percent,memory_usage_MB,query_complexity_score,access_pattern
1,123,53.593162556937884,1932.8658278741582,5,random
2,1119,70.45032078116364,1785.5443789266992,3,random
3,324,69.47781109337862,2120.59578224127,2,mixed
4,112,38.07470426584321,1624.4097746930127,7,sequential
5,788,76.51249686875266,1700.628374885159,8,sequential
6,1636,18.05934536937655,1415.421814739164,7,mixed
7,787,22.980018235577518,1824.5170549139427,8,random
8,245,17.680605500174842,1737.289431215114,8,random
9,608,27.21543714430109,2153.879882910369,5,random
10,1207,88.95094972489186,2592.4799632889535,2,sequential
11,112,88.71352445851767,2316.653640433747,9,random
12,107,82.49107370123122,835.3500516188074,6,sequential
13,128,23.465054779778242,725.175450881445,3,mixed
14,357,66.63569097610932,922.3211645877598,2,mixed
15,912,12.359857187943488,2548.096509119941,6,mixed
16,85,21.602119375245152,1356.7335320298394,5,mixed
17,201,24.162686952281405,548.6295974760898,5,sequential
18,816,59.74483929865136,2984.3924630385704,5,sequential
19,197,80.79514673738304,4000.3414940659513,9,random
20,345,48.05976642525664,502.0265767926852,3,random
21,279,45.21988537706705,2599.6129960419303,5,sequential
22,125,59.626678604245875,3994.1736754729086,8,mixed
23,185,19.915293022175717,1763.0704850445572,6,mixed
24,165,77.62827987603147,2920.5472116293545,8,random
25,184,73.94516148023092,2509.4773749642764,1,random
26,1841,65.75383134240917,551.2774649878261,5,mixed
27,639,79.34057110794137,873.7509319123001,3,random
28,603,17.227109124991628,3022.7351757822553,8,random
29,980,61.22572062946371,726.069076539676,2,random
30,2608,20.536986475353434,3869.991457205915,4,random
31,157,73.52809217571959,2650.1065194871026,4,mixed
32,28,50.04246632835459,2827.8944710882865,5,mixed
33,1225,12.363354006069303,3261.6096080545763,5,sequential
34,353,46.60283371263687,2434.7559079262473,4,random
35,723,18.62030148881179,1274.9436676841308,4,mixed
36,147,80.29536145076379,1500.4035054833644,3,sequential
37,161,55.957731604979244,963.5842335002178,4,random
38,616,11.349624831177918,1535.9104554931498,4,mixed
39,2041,38.224855255032935,2363.359773349691,4,mixed
40,213,39.63499767084717,1936.904758265749,5,mixed
41,532,54.70615597174592,874.5106744418401,1,random
42,101,54.26096877370906,574.2398543175102,6,random
43,1262,73.14782784424,3869.3435963479046,8,random
44,509,79.52197574850514,1510.9102995973972,7,random
45,159,40.84837611847937,589.22996085363,9,random
46,316,22.000042860801486,1456.8058019098412,8,random
47,2563,19.541874295236656,3265.8993907674626,9,sequential
48,54,35.953958022111586,1773.8365275379283,8,random
49,307,77.69530239734677,835.3552149669215,3,mixed
50,251,35.695609525883434,3020.2333912827685,9,mixed
51,1154,17.287673275760316,2084.374198133157,2,random
52,176,49.068237201035615,1845.1698931894714,6,sequential
53,4,59.868493118801965,2719.442274972569,8,random
54,53,80.4654351715728,1526.669775518698,7,random
55,34,54.95549148599818,1028.003841524909,5,mixed
56,267,82.96585472021717,2839.432594000341,1,random
57,101,15.855653491694275,566.2965938303923,3,mixed
58,262,84.73261959311554,683.1525893420676,1,sequential
59,253,28.754412543586454,4062.253777044337,6,sequential
60,842,24.924570434150716,2649.8876571495393,6,random
61,238,29.785007867194658,1678.217019151247,1,random
62,1271,40.303503898808735,550.9204390041114,4,sequential
63,231,69.15214594413206,1536.0527270219961,8,mixed
64,129,82.53278933095368,1208.0453856188647,2,sequential
65,175,87.19492730760012,1653.0429717669736,4,mixed
66,496,81.77980042088895,275.41091115182746,8,random
67,432,56.68046899138277,3157.9868260337757,4,random
68,1370,42.87758098402786,1063.4028163304797,3,sequential
69,63,26.81647670716263,1668.6889000399356,6,sequential
70,345,52.48162348623247,2004.1816866848462,9,random
71,350,41.86615238139426,3266.547561766629,4,sequential
72,143,14.218914914663694,2605.4073558604905,2,mixed
73,298,47.606535124589996,3331.4037935922256,8,random
74,271,28.724656581711947,1013.9924131708915,9,random
75,480,62.70164890970779,3332.2890580086387,4,random
76,250,77.4634868437075,1752.9121106488521,3,mixed
77,141,47.28369714974935,1679.2467942749508,7,sequential
78,43,67.30284579826858,3755.4089345628195,8,random
79,285,77.06650493834584,3646.0557249560848,9,sequential
80,186,32.15679634800225,1709.479976297808,6,random
81,534,69.06730221526176,3363.2902898036205,3,random
82,17,28.40725114624906,3162.4576021987423,4,sequential
83,548,81.93534441018062,1970.8419650724124,3,random
84,494,55.932434510610996,761.6095207877684,4,sequential
85,1194,81.3733936104653,398.9140400336622,7,mixed
86,115,81.19868611065192,1380.6075481891835,8,mixed
87,479,61.59065669683396,1989.4128792533925,4,random
88,178,16.020792799051282,3030.655986553747,1,sequential
89,137,63.26073569666244,1947.6241737262217,4,mixed
90,171,71.365149228441,3799.259794991272,6,sequential
91,65,18.97468098404981,3955.7040029483583,1,random
92,722,39.8438926645987,4013.3519056146497,7,random
93,988,84.91126747840251,3640.8296964925594,5,sequential
94,588,74.16436930251662,2619.5032008291378,2,sequential
95,1437,58.8281757852155,4020.355056120916,5,sequential
96,2318,69.77734388137185,3333.7178578857383,8,mixed
97,1315,33.80265088387275,2594.4844284435253,2,mixed
98,42,83.9556345770845,2268.4010922333955,1,mixed
99,17,40.57041339135352,2136.3943343795586,2,sequential
100,353,57.49372373421859,2949.074855011739,4,sequential
101,1944,15.943805264381243,2720.27147065893,6,sequential
102,712,72.96299152135596,2971.793439709786,4,random
103,658,82.71149861856154,1686.0120963675272,4,sequential
104,890,58.38560707470023,484.32226424138764,8,random
105,38,71.48331868830965,378.66750644077206,1,random
106,662,58.25768171313271,2742.7551023022,4,mixed
107,112,18.066759059837445,3594.6149752058573,9,mixed
108,413,77.03919675894058,868.8036991280553,8,sequential
109,8,24.687455732533003,3353.201446956772,7,random
110,364,77.4286670851383,718.3176621062325,4,mixed
111,177,31.36748880529283,1422.5769881123015,5,sequential
112,1344,21.292132844863065,1018.1176129438778,4,mixed
113,70,55.11206479228697,937.3246834830948,7,random
114,19,29.99956382240881,4067.8281790165834,3,random
115,233,55.724388137821805,1607.573840690933,1,mixed
116,328,76.31466375326383,845.7737964267379,3,mixed
117,1091,83.18367479482396,2916.5423801748275,9,mixed
118,207,14.240016390455716,524.299800783838,9,mixed
119,102,16.175882206450936,3942.0720834832537,2,sequential
120,182,21.32689297243904,1276.1614509031708,8,sequential
121,1668,79.7744502362279,2442.654176100899,5,mixed
122,462,75.21717699717111,2635.3521325094684,3,random
123,564,46.10369923607128,2572.080144844347,3,sequential
124,337,48.32301328643459,522.9062095198955,1,sequential
125,249,55.83035108217455,1621.2637619223872,7,sequential
126,74,23.190640550837188,1285.3643951734343,1,sequential
127,103,14.331483637582103,1325.083805691238,4,mixed
128,877,18.00367103343426,1958.4673502832645,1,random
129,49,47.19579848625394,2438.2785896119335,1,sequential
130,306,70.855137728458,2990.1082968287715,5,mixed
131,442,13.171921670241087,3870.3291192376673,9,sequential
132,430,12.556043190901853,943.1677306858868,4,sequential
133,149,41.68153768557896,1556.3123146726134,8,mixed
134,135,21.399562105056702,1339.7941519244239,2,sequential
135,44,24.479685442300454,464.27175317093037,1,random
136,1024,42.657685967184335,781.8442284707535,8,mixed
137,536,43.942771417581135,413.53545110543257,9,mixed
138,102,45.786237425027096,923.6517486688592,7,sequential
139,81,76.41070764675683,1070.5412182040986,1,mixed
140,110,64.73238416387662,483.8028918560338,4,sequential
141,975,79.33400240804562,2900.0043605619894,4,random
142,324,31.33645173179703,1080.1384325383003,9,sequential
143,593,38.02652099264555,1347.549432199017,8,sequential
144,346,31.376095208379617,2001.642676123352,9,sequential
145,758,79.11201308442661,3042.376539591729,6,sequential
146,328,58.467288408006645,2645.378060418214,7,mixed
147,7,29.512334188437492,3737.292924749517,9,sequential
148,39,15.942043614169572,3702.4898182632287,9,mixed
149,17,36.66017611206394,1510.6724152372462,1,mixed
150,174,15.39177925025382,2227.378584789438,3,sequential
151,283,17.145728569827845,3631.5174466415483,9,mixed
152,620,40.292513682141475,2498.8234927631606,9,random
153,1121,33.73558120039807,1162.391223178941,4,mixed
154,69,77.1132617673779,1542.178377664945,1,random
155,559,37.94659220434211,3202.961001079522,9,random
156,1022,17.6874828746243,2065.4935613740117,8,sequential
157,227,49.53407595593333,2162.4667382163625,4,random
158,514,75.15997700753071,3218.616009237725,5,sequential
159,503,55.37575467033642,1193.0311648735415,5,sequential
160,1135,72.64962524633061,3509.804886659916,8,random
161,1355,77.83256961704556,1445.9203964875992,8,random
162,215,63.69756532278687,2108.818067450498,1,sequential
163,81,27.67404142422695,1367.919218861099,7,random
164,84,71.3526104226014,1383.1439997670566,7,sequential
165,10,41.591214859216734,1772.5642898995825,9,random
166,913,81.79995279462999,264.97174953359,8,sequential
167,172,25.930504414040172,3707.7618124290557,6,sequential
168,1261,65.02925743714732,274.3321533225538,7,random
169,1333,43.11931318556297,3733.243724268394,9,random
170,1802,58.40441192855,3356.56243918066,2,sequential
171,530,57.66612711644741,505.42949514133727,5,mixed
172,435,52.54637860329915,2448.5658885207035,4,mixed
173,461,59.42912855573657,1852.0491256136506,3,random
174,63,31.132135713199638,1768.4021735545718,4,sequential
175,317,89.38562106429453,1939.2770269680445,1,random
176,301,72.06905923014975,489.68719414746647,2,sequential
177,295,71.94011268254643,2189.619965382183,8,mixed
178,792,35.215608037053386,1054.2723750393714,8,mixed
179,1154,57.76979424217822,1425.1555153783904,5,sequential
180,439,62.569076177505174,2879.7503811158736,1,random
181,375,47.011103297743745,265.81178005252264,5,random
182,661,70.18062959172356,1322.9956476303262,8,mixed
183,17,41.9133404448138,2456.4309693350447,9,mixed
184,391,58.611701942689535,2574.5824884837575,3,mixed
185,84,16.32291798850818,1078.6676898998967,3,mixed
186,69,20.845463650843445,3374.182314132433,1,sequential
187,749,20.9387082640692,910.8495013158656,7,random
188,90,59.52518889835094,3241.278957471212,5,sequential
189,203,45.243920976547514,2058.147189086236,3,random
190,11,30.527655783000036,947.3185947656339,3,random
191,164,16.59589913434037,2863.4461612632963,1,mixed
192,557,23.974367832844187,1845.7444103745645,7,sequential
193,38,59.28551309199854,700.798054971184,8,sequential
194,156,16.544731210651562,1963.0731524505745,2,sequential
195,1172,11.686526677200808,2751.084545168152,2,mixed
196,521,84.16600572251659,2871.930805088957,9,sequential
197,21,61.38276468032868,1848.347630105609,6,sequential
198,438,22.87736433218943,4006.0738368678144,9,sequential
199,1198,37.18812772156461,2706.063984382311,7,random
200,37,34.93414021947153,1820.4228460763504,8,mixed
201,1535,55.76218661829111,2756.642013223312,1,mixed
202,1534,71.37207549618094,1992.6927664416053,6,mixed
203,1014,24.40796783174724,330.78667837506805,6,random
204,35,79.35017196378871,2614.9735916398095,2,random
205,951,34.830597943113446,2613.448835573351,3,sequential
206,605,84.86147193134389,317.01329796932447,9,sequential
207,108,42.26125187652131,598.2377169174148,5,random
208,542,71.4408448160248,2484.7540200639337,1,sequential
209,2407,88.85216505584432,1070.0055822356446,4,mixed
210,345,45.501222824266954,1611.163586051581,1,random
211,0,81.38652597296237,2742.19773320031,5,random
212,170,67.93312182723325,3761.3131802921594,4,random
213,67,76.17024375674379,1174.324070665219,3,random
214,30,42.6639290071285,2345.203800697448,9,mixed
215,1018,61.304137044306366,1491.145616862309,4,sequential
216,33,65.3446139610398,323.2206191472368,2,sequential
217,325,70.5606879260884,3668.2957504726655,6,sequential
218,214,14.816010338291479,1543.8614312341151,9,sequential
219,442,44.65430930046399,4069.754985122767,1,random
220,945,29.718847456549,2555.923775436563,6,mixed
221,509,64.08413162174057,2463.7535718319905,4,random
222,2364,79.36434956350917,4008.8470920599907,9,sequential
223,562,53.43561865090035,1342.117422138214,9,random
224,526,42.879257214953306,1060.9931770307776,1,sequential
225,887,10.6291730587066,3677.6162911875113,4,random
226,461,45.452679759424576,2416.9149357723477,8,mixed
227,197,71.43407243061691,2039.626307113709,4,mixed
228,221,63.783470238093585,2161.3806872163036,5,random
229,157,51.637352416278866,2886.586562579379,2,sequential
230,654,28.393653524270277,931.8939094218215,2,sequential
231,177,65.86098051907986,1388.7705847392624,6,sequential
232,154,89.79409231839382,2034.4097873152625,3,random
233,595,50.414454799316076,1818.7580972100354,5,random
234,25,12.886003671857535,2325.614290905415,4,sequential
235,1274,43.15317535982702,799.6943834587967,5,mixed
236,480,36.76757993110742,3620.2001145273,6,sequential
237,191,39.959009337050645,322.8767436625551,3,mixed
238,100,22.76837499975322,398.40958026252383,2,mixed
239,137,67.82390326534173,3454.99925238517,5,sequential
240,239,38.72311845452798,1595.7022695114433,2,sequential
241,1503,28.647477912703224,442.09782638080816,3,mixed
242,14,62.05514101318058,1745.0780633834884,2,random
243,124,11.230338774513209,3988.737546163316,5,sequential
244,1634,20.369499061754148,1701.5820407698125,3,mixed
245,492,56.98349213001944,4056.694094172773,2,random
246,1311,58.68868565152643,3054.448990899591,1,random
247,522,29.0711263211469,2411.7288059095517,4,random
248,964,29.0839518384926,3843.3470826623898,9,mixed
249,123,29.171782052629418,2035.3314765592313,6,sequential
250,228,53.76468247805774,2019.4385498428815,3,mixed
251,57,18.118152828694214,1020.32774666184,3,random
252,9,67.09760809546165,1535.4074377328982,4,mixed
253,185,61.26490246819364,3913.448145232804,8,random
254,905,31.037218475457557,2642.141178808454,5,mixed
255,1049,26.924294826178965,1098.321003954119,2,random
256,238,42.379366827971,1681.0119122701105,5,sequential
257,118,19.137348156965732,1706.9228793633783,8,mixed
258,477,25.108299525029683,2594.1735970445056,2,mixed
259,31,47.7655196243298,3024.250057764299,3,sequential
260,316,35.684689569676664,1879.3310510710917,9,mixed
261,559,55.10451154523258,3632.709932552226,7,random
262,122,76.34258225590989,1149.6368447092887,5,sequential
263,350,80.64816666230104,3467.2121411497374,9,mixed
264,497,36.16455300686333,1510.6412403949098,8,mixed
265,83,42.13512508794453,2520.347583321441,5,mixed
266,2,25.244214415343606,2618.04560422436,6,mixed
267,106,40.53926668157111,2638.8365413218576,2,sequential
268,396,18.36811540336706,714.6204466544417,4,random
269,1005,31.608480968166486,798.0531510098128,6,random
270,866,84.15120764349938,639.4524503775631,4,sequential
271,485,20.442357532469863,1986.273740180899,9,sequential
272,101,53.37503517736061,1607.63512208105,2,sequential
273,1226,80.79000631622945,2692.2841870372627,7,mixed
274,231,32.94630317363001,2238.6315398502456,5,sequential
275,137,78.48646653562878,3072.0779389670142,4,sequential
276,180,58.91583729149982,734.003865944279,4,random
277,446,57.328279480678844,4040.3202956409523,1,random
278,154,69.01674950380048,3202.446653606477,9,sequential
279,1132,34.21893057548546,1041.660739691137,3,sequential
280,33,65.2417537795732,3579.342964323661,4,mixed
281,48,82.78976200156376,2785.9697954700328,8,sequential
282,760,64.01280811136877,1872.5862578669132,4,mixed
283,331,60.81606082798278,3757.8042100303105,4,sequential
284,215,13.038445389301616,365.21825216688956,8,sequential
285,1378,64.28773345613959,2004.7912926801991,4,random
286,856,28.781059460591916,2357.3671258844033,9,mixed
287,846,44.5171184470137,2461.306350534239,4,mixed
288,291,10.342333010558749,2632.5729438971866,1,random
289,38,42.407033836057266,676.0940802326437,3,random
290,1228,58.96461847488066,3628.294933082172,9,mixed
291,20,61.86849437552332,1285.5243629143627,1,sequential
292,285,66.52572238633006,1139.480897656485,7,sequential
293,1235,79.74687989113228,3126.9591581973705,6,mixed
294,802,12.319323550851715,2653.5965263997655,9,random
295,376,34.895432008629314,2879.6419126599462,1,random
296,154,35.02865124610302,2740.135663667039,7,random
297,405,68.65800806473966,945.2828322174126,6,mixed
298,512,79.74245180642532,1136.5660312561722,2,sequential
299,241,44.98290878539222,1923.269432497732,5,sequential
300,217,81.70717239999355,528.3007330009968,2,random
301,1495,79.41135943232726,2089.659668146559,6,random
302,5,63.214223140215964,3906.0275014714975,2,sequential
303,47,48.38741669439503,2263.2649075129943,2,sequential
304,178,29.687158629700132,2271.514680927823,7,random
305,106,56.23933240804588,1024.907282623222,1,sequential
306,101,65.6417284162531,2156.9809503356096,7,mixed
307,264,41.16695887511711,1653.7971037367086,5,sequential
308,196,70.08042092162361,1522.1409830755108,2,sequential
309,311,12.290243859998427,2128.411571040604,4,mixed
310,384,88.82262369446184,1076.0062524166174,3,sequential
311,493,74.18739284241664,2257.6320558347115,3,random
312,277,88.10454008753071,643.2859497967714,8,mixed
313,99,43.566939989278396,2027.554759435128,8,sequential
314,427,15.213075253747244,2308.679306332196,9,random
315,1201,58.36246570793888,3531.1487395440104,1,mixed
316,147,76.02697504302702,4014.5020103793568,2,sequential
317,490,89.24408381888497,1882.3362495378287,1,mixed
318,69,73.39176921335779,3396.476786278227,2,sequential
319,2464,73.53833187156121,2960.6695982262277,4,sequential
320,763,57.10715503920487,3985.341882319542,4,sequential
321,182,61.601988624722594,1153.630073965861,9,sequential
322,246,73.30346826572762,3359.186801714702,6,mixed
323,139,42.96207200595347,1757.225945613427,8,sequential
324,256,85.85221216450329,1890.1147222536838,5,random
325,89,53.71390702628347,2207.8908100139106,3,random
326,396,59.15971897945318,3313.7782149449567,5,random
327,390,86.93781728091169,2229.0472451033847,4,random
328,1287,43.298725876202155,2093.911692340742,2,sequential
329,190,73.68769127038344,1957.620170262942,6,sequential
330,256,48.43254596440719,3491.8089002253782,9,random
331,425,60.71060246396394,888.8703054844311,3,sequential
332,49,33.75154617802082,646.6567116282454,9,sequential
333,38,82.27463659880587,426.78673819745944,2,mixed
334,10,87.20259254503704,1763.3644436336438,9,mixed
335,369,83.4385202426338,901.1500159515028,7,mixed
336,172,27.263057574171068,3324.429745620032,8,random
337,133,16.759112182654732,2298.716788710144,1,sequential
338,195,61.16336494084517,3493.7470366198554,7,sequential
339,18,40.16709830899582,954.7435289875992,9,random
340,748,68.99202440709762,1310.363984392276,7,random
341,62,12.247749769352643,2897.6206987848195,6,mixed
342,710,78.43019111094156,2511.635140156818,4,mixed
343,54,67.73432426982106,436.8641714988089,7,random
344,554,65.46085872977976,1433.3479039611675,7,random
345,954,25.266075437870363,1877.1132571966634,7,random
346,1159,32.48134661117993,2161.0822328595914,1,random
347,852,25.31961737564646,855.2802680644613,5,random
348,195,10.791843287266039,3701.730992096482,2,sequential
349,781,55.832396290529886,4033.2360266774795,7,sequential
350,123,36.578784583672004,291.20482759153094,4,mixed
351,746,38.95617406438242,2377.666625681638,4,mixed
352,1413,72.90761326007214,696.166231609598,5,sequential
353,984,22.212122076884864,2440.2180784281845,4,mixed
354,290,75.84765351590985,2421.692305278203,6,mixed
355,292,22.493714307889896,760.1757010675123,8,mixed
356,201,73.58463938327988,2267.070795153114,4,mixed
357,458,65.00083365642793,2389.865934661425,5,mixed
358,196,24.565920466709812,2516.191280866917,5,sequential
359,118,11.350286974057848,1693.6785770978788,2,mixed
360,240,85.60822992999937,3942.130414587296,6,random
361,52,43.55312818716918,800.7463542810617,9,mixed
362,442,44.4854711747002,784.22966250025,3,mixed
363,639,14.45752668947124,2566.1667282167887,9,mixed
364,470,73.59722789099138,2724.6076577097397,1,random
365,900,27.990666998383,444.59650938455303,1,sequential
366,52,35.08103473650308,1510.8981787263094,7,mixed
367,914,86.07208270149891,2623.9989499749363,8,sequential
368,92,76.92665113489628,3288.985962416536,1,random
369,139,81.94232788469131,1337.5356434091905,1,mixed
370,167,21.218975911246886,2973.570350948889,2,sequential
371,89,57.47928295485919,3629.4686505231116,1,random
372,917,43.02415896101654,2142.5607376404705,8,mixed
373,274,71.29978146087605,3835.816721997509,1,sequential
374,474,11.110289302065599,1193.8408210737302,5,random
375,939,57.96038445251459,2340.993255356977,5,random
376,24,31.325726719359945,4021.9574059880483,1,random
377,242,85.90947753865107,3341.9635705221153,6,sequential
378,468,78.53320757262979,475.23613573896785,7,sequential
379,638,87.64860486460445,2563.1321135901853,3,random
380,310,68.68994214315904,2098.894847853029,7,sequential
381,832,77.0222107418804,1318.3764554654185,4,random
382,2258,69.12127050689995,1535.9987702673345,9,mixed
383,620,61.669238430093074,2057.465282706004,2,random
384,350,33.4580636759598,1336.6725956919013,6,sequential
385,48,52.68692564626784,3797.9241197387432,4,mixed
386,655,73.01223506308249,1351.1295182174758,1,sequential
387,89,72.51338128998151,2753.1382467587828,8,mixed
388,215,54.679540918495846,1603.294067706648,7,random
389,425,53.05117637301754,3243.1784595999975,5,mixed
390,1226,87.1481217744343,1079.3388284426564,7,sequential
391,246,89.20802873169758,2772.8645193632947,1,mixed
392,25,69.36818105509812,3521.9947344603474,7,mixed
393,678,43.04444749726275,2094.432105661736,5,random
394,122,76.54663899694353,1671.2664488518826,7,random
395,33,84.96040273303069,1036.2364064578533,4,mixed
396,328,62.436257242250946,2944.183467174944,7,random
397,444,58.4875305314477,1481.8481376443947,2,mixed
398,834,12.088437829054648,1229.032656742102,3,sequential
399,193,51.58644529925378,3162.9230949605703,3,random
400,104,49.80116486729167,3236.726933602823,7,sequential
401,352,83.02606083762822,1498.4692959050353,2,mixed
402,499,81.12486665187218,549.4222210318165,3,random
403,1918,48.984030904693796,3446.7186606117752,8,mixed
404,1195,25.85618340963115,3095.109550227732,4,random
405,536,11.70180615131966,3295.913173949215,2,mixed
406,175,87.65449183047326,3012.0345842887227,6,random
407,1818,76.11795750030025,2889.8667080061437,7,random
408,157,31.41348984586137,1058.070606323542,8,sequential
409,168,24.62178529327656,815.2045472444092,8,sequential
410,263,74.9252350851121,1674.248259857032,5,mixed
411,122,48.97907042563637,2475.766445395436,5,mixed
412,269,86.45871685529143,3561.342068879677,6,random
413,1514,25.657227519806966,1923.7599938774122,5,sequential
414,126,88.3869586705018,1394.540005667702,7,sequential
415,23,80.47808147120047,1854.1115762617512,3,mixed
416,90,15.84634397135149,620.0063170642607,3,random
417,1709,34.17228244961181,2651.450645206377,1,mixed
418,1,30.43982645005486,980.2367326389854,2,random
419,62,27.597590056099868,326.1650007388784,8,mixed
420,587,30.762579353635637,3963.890355106762,7,random
421,169,29.675128008753866,402.83944496383833,9,random
422,211,71.8622371574827,3776.2143655024374,4,sequential
423,279,25.399610419288408,1362.935760455449,8,sequential
424,572,88.56194540881921,3341.6251788597074,2,mixed
425,263,51.93743561389661,3669.708137701493,1,mixed
426,873,58.49745701938458,3369.041065659335,5,random
427,505,43.14699222558041,1568.6738374677889,1,mixed
428,277,26.535128252610576,2476.3327669029045,1,sequential
429,179,66.25669278241918,935.3086428053036,7,random
430,328,75.97936445099938,2355.6832984762505,4,mixed
431,318,50.427415860667594,1354.6688347254521,5,mixed
432,178,77.483072924546,1105.4555364162154,8,random
433,344,14.694740189666797,2232.8777141090454,8,random
434,845,31.547510392733493,3836.9923502466504,8,sequential
435,155,39.83043828394358,2721.43491976183,1,random
436,587,84.44903591843429,1497.7631995484026,1,sequential
437,99,41.161504757498534,3856.848341688003,5,sequential
438,140,35.80583966626613,3766.02049030102,1,sequential
439,288,20.17910244523008,3426.2470127610604,7,mixed
440,799,27.69914994981656,3373.5598477040517,3,random
441,397,16.728394038679593,1505.5528353745713,2,mixed
442,1256,52.274719335617014,527.1978085649334,9,sequential
443,531,46.679031549225044,1854.3513052644,8,random
444,250,79.64522635410741,571.6976516324992,7,mixed
445,825,60.338589409068106,666.2201834040006,5,random
446,173,32.01656476707177,3313.316021916474,2,mixed
447,743,53.767181891095255,2810.5309371441454,3,random
448,1152,56.19929030528403,708.8569852180492,1,sequential
449,149,14.496215221956872,3322.7508728197786,6,random
450,108,34.83600051415698,2966.8079692891065,9,sequential
451,912,15.128281137478687,1215.764465710366,1,random
452,117,69.38880792460857,1430.0464351906755,9,random
453,1122,38.88627277631393,2711.497076545188,9,mixed
454,552,11.316752665955656,434.61459324987163,4,random
455,347,65.46477875001787,1893.1981831203384,6,random
456,1715,18.3087348815703,3957.1438512825353,1,sequential
457,137,25.783460687435937,839.9818502049985,6,sequential
458,310,16.377353769891883,3210.6864834805956,4,random
459,250,53.32121135563582,358.0603913732025,1,random
460,292,30.79715645463237,4069.930845541568,4,mixed
461,294,35.15737113206508,1131.1306947898404,2,mixed
462,103,21.318379383612367,3728.964737258764,6,sequential
463,849,79.35011078019976,1769.1565071261548,1,random
464,122,20.839049966609267,3230.3892833021205,8,sequential
465,278,22.139232688990855,2046.5561663516035,3,mixed
466,493,11.126322826836068,3959.22514958843,7,sequential
467,286,54.85172456741176,1323.9945636706386,5,mixed
468,312,68.0674297029544,3500.2551806266765,6,random
469,604,60.771528397549176,849.7898346785208,1,random
470,997,85.13331397883972,3414.5823211339784,5,random
471,940,86.28643349798952,1128.9515913080218,5,mixed
472,63,17.873387440768163,1073.3197629606007,5,mixed
473,154,39.38348840407699,2803.854705513873,8,sequential
474,494,78.36990425637347,3866.3258650075277,1,mixed
475,83,74.8514703301859,3771.4995141836825,5,random
476,511,62.044333412383075,1221.305351424836,7,sequential
477,221,86.3020292705696,2999.2093105760455,7,random
478,7,60.94195853091836,467.5823835874364,4,mixed
479,316,69.72212631262744,2870.3600208672624,2,sequential
480,31,88.66593783898159,3337.4324491016655,9,sequential
481,66,12.095610601125433,3337.606709714087,6,sequential
482,548,27.918002327200515,4070.503812455063,6,mixed
483,241,81.86848788197808,340.2984424200364,8,mixed
484,162,67.16898337622348,703.0555276200083,8,sequential
485,140,28.903519034176348,1485.0515008705254,4,sequential
486,1322,65.18488935824561,1856.2927093971466,3,sequential
487,15,72.62622675289246,1384.1514801284104,9,mixed
488,505,31.35502146751118,2278.414104100975,4,mixed
489,795,66.75804470087822,2041.7515337005689,6,mixed
490,1010,59.647997851618456,906.9228716585219,6,mixed
491,20,61.27102213246108,520.2321363497286,3,random
492,167,31.377388607476064,2832.946479106994,2,mixed
493,793,74.44350440529145,1032.4193578312616,4,sequential
494,199,58.06240283513691,2818.236863209069,5,sequential
495,451,83.80114849681787,613.097622694929,9,random
496,674,14.538217040224595,1684.3965334944016,4,mixed
497,473,52.33119958462589,1758.7120609267045,9,random
498,277,51.067903901059026,3853.271950900402,5,random
499,93,23.45720949716073,676.259577952163,9,sequential
500,72,87.50227955748963,2958.314612141539,6,sequential
501,52,80.17979868210006,3645.3482985951227,4,sequential
502,23,24.51152296973075,622.7204133245274,8,random
503,330,33.980287173096556,3125.4284415488946,4,mixed
504,999,80.26972530712032,2040.0450405015754,6,mixed
505,769,24.279227949872197,1049.311465443977,8,mixed
506,426,61.21788716219904,2552.3481632538933,1,sequential
507,144,58.07808344965622,3284.657130692005,7,random
508,898,87.07768249492482,937.532665316666,3,random
509,87,13.561029990176454,3571.9990528652474,6,sequential
510,35,47.79053882535139,553.9790155591702,1,random
511,905,74.89414613784317,3603.4047456530784,7,sequential
512,586,51.26909801449314,1430.1237612717753,1,random
513,1810,63.091242299278235,1460.8105096266136,8,mixed
514,335,28.186042490366354,3346.1493009555516,2,sequential
515,148,34.08525969659836,3458.8140158952847,5,random
516,79,39.1311836249426,837.0615287210265,4,sequential
517,375,66.35986080868463,3586.906638923645,3,random
518,1920,17.947459496677098,3101.040521135844,2,sequential
519,200,65.75349271792713,2607.0857253469753,3,random
520,379,28.85446900836646,2375.3066744266735,3,sequential
521,663,81.97873357492722,3580.9015166659706,1,sequential
522,278,18.735582667614263,876.3199475859982,6,mixed
523,132,83.42131371387374,1302.703055882955,5,sequential
524,313,11.148900870105711,1535.5009886582395,3,sequential
525,238,76.09983779359797,1573.1421382367319,4,mixed
526,744,26.535917053336505,3482.8873496327424,9,mixed
527,202,83.0004603716553,3187.4148817340597,9,mixed
528,460,26.345728119021913,3757.658653680054,5,mixed
529,427,61.87412915762928,3840.1879709790337,7,mixed
530,1156,53.88466351988082,3986.546966289604,1,mixed
531,411,35.41120717973005,1673.6258593260648,6,mixed
532,247,63.460124098134685,3904.530814726797,1,random
533,1255,88.31780881627625,2133.3465981394957,3,random
534,1035,40.027412918074944,3699.018597397907,7,mixed
535,74,87.71834003992913,1144.0458657318718,5,random
536,349,47.87084035500568,1217.8454842851763,1,random
537,412,83.05303631124687,3562.54259826443,5,mixed
538,420,19.957712730846396,539.920321126016,2,sequential
539,857,18.69654544962411,948.777103132489,6,sequential
540,73,69.41812167403157,357.21943164747324,5,mixed
541,518,26.73913361274029,261.36007088671766,2,mixed
542,140,79.4872275691999,2893.734110769424,4,sequential
543,344,76.59433161951478,917.6068477781319,8,mixed
544,1810,21.988530894838743,932.6672341272873,2,sequential
545,721,59.48099615052382,2126.748675063908,5,sequential
546,248,52.23251003626247,3858.2805550963308,8,sequential
547,417,87.63164002309117,2273.5188011133423,6,random
548,272,45.491880893870615,375.3443575733309,8,mixed
549,499,61.641842600570634,2103.962340553563,4,sequential
550,72,86.89041748753303,695.4532863968539,3,mixed
551,151,55.81598012961669,1841.2544034691073,5,mixed
552,349,86.95546935043413,3844.6619634003505,2,random
553,155,74.35011914809112,3836.26530473644,1,mixed
554,665,39.41214000016771,2409.3020148824903,3,sequential
555,213,60.42734614465847,1024.6986830180897,4,random
556,1317,52.33214454142755,307.15414117014086,7,sequential
557,231,87.50049446414924,257.6122757523117,6,mixed
558,2191,12.917955336241702,2091.0388896450095,8,mixed
559,323,25.702619751524736,2846.481783434744,7,random
560,230,25.756129080612755,3825.0219937605816,4,random
561,325,88.08694430181929,3906.665944677907,4,random
562,240,62.21011683254437,3289.1594903017726,5,sequential
563,472,62.25253183245694,2781.8532417744586,6,random
564,407,88.90356737232858,1319.6081268668922,2,sequential
565,12,25.0127639911939,887.3909386441879,9,random
566,185,21.33797463028251,2537.4207003618717,9,mixed
567,954,55.91222491071846,1089.8800448498432,3,sequential
568,163,16.581808250805878,3253.0357472638125,9,mixed
569,694,61.250398516484566,1208.963553532928,6,sequential
570,154,14.079541675476266,3536.518801140473,5,random
571,486,84.76587680062568,1932.2029707897366,1,mixed
572,242,71.08798648180772,2510.642886277635,4,sequential
573,204,45.67799776939914,2432.924752436692,3,sequential
574,15,42.38553072167279,812.8807115323734,7,mixed
575,701,16.54439145131444,902.5190015767446,8,mixed
576,106,78.21692389016414,2435.4797368344393,2,random
577,138,58.16901460431098,2215.129391501525,2,mixed
578,93,55.97078755537635,1208.7518442419978,1,random
579,246,47.49754466802131,3825.415540326474,7,random
580,1109,80.80607543122727,2861.01078343652,9,sequential
581,30,88.84252482510752,2462.553911707943,4,mixed
582,1150,76.89735388232654,1575.638388642127,1,mixed
583,180,18.7255977484309,2826.0548758689,3,random
584,205,31.066789266739015,2852.175195155266,9,mixed
585,1,35.5737554672763,467.27790713780996,1,mixed
586,447,35.39839967192482,343.8733203351774,7,mixed
587,279,49.053552288715245,690.5567250547087,6,sequential
588,107,15.14927566455241,1825.7941782394353,1,sequential
589,1524,63.81614227964044,639.0162819093619,5,sequential
590,313,82.78033497174617,2754.0956116894235,9,random
591,156,38.21446034581453,1394.5921831021144,6,random
592,1029,12.810536515694002,3355.0526146149027,9,sequential
593,524,25.534447637008036,1189.4535805150779,5,sequential
594,368,71.72133387976683,1474.8840211057461,8,sequential
595,324,32.94626984122304,3594.778385168489,8,sequential
596,35,70.43508682036648,2138.966663883697,9,mixed
597,269,24.012065890908374,2321.063625937178,6,sequential
598,903,66.66623415401313,2102.95135898278,6,sequential
599,384,32.96734596379287,3381.4156791623645,5,random
600,1226,87.67375268523804,2686.1953214526216,1,mixed
601,684,31.015427753148217,3594.7670227913723,5,random
602,286,12.782180559601768,1873.0741362695558,1,random
603,335,73.37214979462694,1046.6912230094442,2,sequential
604,1033,29.59850827617811,493.6436000651208,2,mixed
605,407,59.78222168123108,2713.85177197111,5,sequential
606,204,22.465972344410385,3506.7070546373625,7,sequential
607,230,16.388845459832623,2011.5235253899295,3,sequential
608,373,87.91497905863194,2485.215591639281,2,mixed
609,2989,31.49879465745971,911.0453363815493,5,random
610,19,33.99607244273875,2858.803613346629,7,random
611,87,76.56672655835077,2970.843133743808,2,mixed
612,349,61.61098060331997,2318.8862093145517,4,mixed
613,1558,82.10691420023785,2195.303313517623,4,mixed
614,142,13.262188080287274,3656.5894179480047,7,sequential
615,247,85.83816235831786,2397.8644922360995,8,sequential
616,824,62.70018386551884,2440.1042901707588,7,mixed
617,1122,41.935244098530575,3411.909434005643,1,sequential
618,20,19.497964396604097,2746.1477887267633,3,random
619,102,86.63212518190575,649.7839845194695,6,sequential
620,476,80.17845341348115,2097.2523236422967,1,sequential
621,213,88.44350475276896,3012.1025955259756,6,random
622,481,48.75316900063975,2435.757469839498,4,random
623,1513,58.75181810757616,3798.220591720828,1,random
624,234,38.8072717294656,3012.316183568651,3,sequential
625,672,82.04895297690682,2625.7820443139312,4,sequential
626,2476,26.148043815102184,2520.2046144573974,2,random
627,257,72.11501788907576,3238.8966663970905,4,mixed
628,85,44.76718208715945,982.0048855922611,7,mixed
629,108,47.26360546423585,2801.38769347167,1,random
630,393,45.73360989353904,2176.8008445688965,3,random
631,10,64.92398594564435,4093.4554988860727,8,mixed
632,469,86.65900306400285,2109.8804440363288,4,random
633,70,27.45946972064108,1335.928845864079,3,mixed
634,529,43.26341928197655,3924.000311590161,8,random
635,428,45.50272021092863,2495.0544857722907,3,sequential
636,711,47.16279168408878,2646.228815167746,6,sequential
637,27,36.798457489264464,2642.1726376631846,6,mixed
638,1085,83.08054955579414,2360.589146313165,1,random
639,794,38.572096915284824,3488.676229256406,1,sequential
640,446,34.94922387027776,877.2427803879625,1,sequential
641,487,29.214318666279446,3753.9749193717416,6,sequential
642,155,18.257461662184866,1631.541979814159,5,mixed
643,997,52.475301576062314,2456.8413252364776,9,random
644,77,17.407751470857722,2878.345990871848,7,mixed
645,217,36.492635862435975,1945.1414560510932,7,random
646,544,89.29960984202074,2223.942472630464,7,random
647,539,31.040240630205833,815.4979568250436,4,sequential
648,217,69.94938808269708,2739.447667310834,2,sequential
649,934,69.75574920492213,1245.8219693920935,6,random
650,735,12.26889109513599,1745.3561167647372,5,random
651,836,66.63110177130883,3669.5929363406553,7,random
652,122,68.54631805484439,1552.7703221259044,1,mixed
653,641,85.2614134722259,2215.8469588056337,7,random
654,163,56.80965786432519,2319.9423876875708,9,mixed
655,136,22.07840335514853,1493.3336134729848,7,random
656,54,33.27761008306008,1491.3602739072549,7,sequential
657,424,32.67473331923409,735.3655002380102,9,mixed
658,44,32.812657917573986,556.0830806194588,8,random
659,411,50.757802021289535,3002.761314058448,4,random
660,126,50.99966269257608,2624.738007300743,6,random
661,263,12.407302842034946,2921.0917032176244,6,sequential
662,534,83.53681210029836,1164.1489662280555,2,random
663,648,20.370348208194493,3566.2499814562357,1,sequential
664,1280,18.79762725226355,2046.4446846971894,5,mixed
665,803,57.58469172705815,1502.66486405298,5,sequential
666,449,42.214692602272315,2845.066469078567,9,random
667,45,53.80508308682147,3869.8917730628627,7,sequential
668,303,32.62302003245662,2345.7052507362973,7,mixed
669,151,16.43841825412889,657.9894422465122,2,random
670,616,84.78301625838237,3802.5071727036566,6,mixed
671,5,65.78658785434446,1511.3214039594318,4,sequential
672,248,53.79534191776543,1394.6314890264655,4,mixed
673,48,16.54768084789154,3768.1777692323194,3,mixed
674,101,17.73911787206255,2243.5199267628295,8,sequential
675,63,38.1090882830486,817.8812826489493,9,mixed
676,114,57.097672429666545,1714.3502838155791,2,random
677,99,24.85255979320784,994.5018896979267,3,sequential
678,326,72.00118428796787,3636.049235258585,6,random
679,162,64.0196276547104,1507.239777057133,1,mixed
680,414,44.61491950655515,2674.0925671658206,8,sequential
681,28,17.124761464291332,942.8802807755687,3,random
682,416,83.42478522571396,1081.2496190117276,6,random
683,272,58.134631414720275,1731.285661045989,9,sequential
684,1891,83.60667872302066,2889.510924359856,9,sequential
685,89,62.75250393852373,1407.856027306699,4,sequential
686,416,37.76826912570229,2427.321578290233,1,sequential
687,316,43.36664319826052,3637.3322026990527,2,random
688,1000,16.973146771142808,484.1718738718996,8,random
689,326,25.13610855917389,2797.921544331585,1,mixed
690,960,86.1634837661951,641.9139764556109,5,mixed
691,299,30.194434958565772,695.3612065137158,2,sequential
692,2470,14.043751947600507,424.7646152563242,4,sequential
693,568,34.77065381377895,1219.0306839008726,5,sequential
694,594,49.40257597735758,1409.7701124111152,2,sequential
695,351,84.33455299280597,3623.217509534984,7,sequential
696,1764,56.97030170276698,2392.13991129753,2,random
697,537,70.03006148158852,2381.5896840296555,9,random
698,789,51.14575018331961,2988.4948964706978,7,random
699,258,29.76192085579573,3893.6504346237207,6,sequential
700,3069,57.847583539962685,1144.6247006271933,6,sequential
701,230,80.72012183402467,471.45057327634754,2,mixed
702,909,55.10730811079527,3061.7708431421156,3,random
703,18,76.65136927033609,2517.6143565344673,6,mixed
704,233,74.57181530058348,2608.299481555804,8,mixed
705,317,47.78842713094291,677.64940696735,1,mixed
706,115,63.75131719833827,2843.272708754402,7,sequential
707,610,40.15773958559616,518.7572079832046,5,mixed
708,35,31.46048259557741,3427.2846742785196,6,random
709,185,15.387995092203806,3857.202480079235,9,mixed
710,1385,22.95349271741152,3399.285436797774,9,sequential
711,974,84.45593435206666,1687.6488153527084,1,sequential
712,247,44.73427921924084,2216.5274613853294,4,mixed
713,290,64.08159526901983,3493.024853983236,3,sequential
714,719,89.34959482160723,2095.8834557518103,9,sequential
715,607,50.920074016319006,3431.142646128835,1,mixed
716,34,16.584006766961323,2082.9228576536198,3,sequential
717,848,45.16971540984025,1723.7165508654648,7,mixed
718,500,85.97473135387749,537.5982949513373,3,mixed
719,1065,55.99988881276115,737.3944638545025,5,mixed
720,94,16.737542602414024,3143.8966081258886,5,mixed
721,1306,24.41165685037941,3400.531276199421,5,mixed
722,141,54.76459718202845,1404.0089876946286,8,random
723,272,79.85100904281146,1800.9768311646988,9,mixed
724,1407,25.61018222945308,1141.7016207206575,4,random
725,1067,21.41900778978126,3828.285507230557,6,sequential
726,1281,51.28701464488799,387.37048457018295,9,random
727,406,12.492529974211513,398.06122903653835,1,random
728,907,52.73725395200274,3221.8849886903445,5,random
729,626,84.03668624067114,3223.2725690601483,3,random
730,690,14.325861760640404,2862.3257054705764,8,sequential
731,295,11.817479000338365,2475.235234035505,8,mixed
732,670,52.45182854133197,2286.720946519302,8,sequential
733,195,58.894779469701895,3780.9040091546235,3,mixed
734,97,40.44647013972757,557.8656513155844,2,random
735,297,81.19838587691687,1090.9623462538884,2,sequential
736,61,63.053551547547926,1993.969946344557,9,mixed
737,96,63.070821749572104,3194.5182283939757,9,sequential
738,107,58.91245394993089,3265.663259660629,2,random
739,3,50.52033629173506,4009.6196652532235,4,random
740,13,23.47351052203381,868.7379824592164,9,mixed
741,1393,31.184220336380164,334.15279647700254,9,random
742,148,47.600976307610864,1993.9498104915763,1,random
743,425,13.402013211947699,4047.5295918107167,2,random
744,549,21.678224789318445,1379.9134150064674,2,random
745,147,19.455545770039578,4031.117100153433,7,mixed
746,1051,88.53254796184925,3043.4999152427145,7,mixed
747,94,41.78328865029874,3535.964472641373,8,random
748,1003,36.326436990923916,377.9763506898903,5,sequential
749,700,16.24145796913515,1826.4681014054381,9,mixed
750,699,59.88154747700573,3304.2958367559345,5,sequential
751,704,42.60817996222408,3956.4133004012524,5,random
752,222,32.33116078830107,1945.5756919952455,7,random
753,37,31.485311442173874,3150.2621855532966,7,mixed
754,359,31.025448032944986,840.5241015671263,5,sequential
755,1020,16.062027276761714,1253.1572390419865,2,mixed
756,2,84.64165364332811,381.4438827631378,3,sequential
757,665,48.59259679416199,262.5258199691823,7,sequential
758,136,59.32693029002814,3448.6846534395613,1,sequential
759,306,56.46916270084621,390.6454371642203,7,sequential
760,312,41.2331461101811,1758.966882768701,2,sequential
761,82,29.167035900382565,2419.660010672427,2,random
762,145,83.2320120633308,3543.3812420173176,9,mixed
763,382,27.195290315656784,2326.3359626383944,5,random
764,663,15.06865461470034,539.9619949703581,9,random
765,199,78.08451336044817,815.9125675067279,2,mixed
766,1713,22.755983078616275,2677.886392390721,7,mixed
767,946,23.79603745863043,3912.706570030277,9,sequential
768,1530,61.70191925103484,1212.1602476393223,8,mixed
769,81,67.60091103568399,2933.9669610908595,1,random
770,147,35.79775673899838,687.6409167073059,4,random
771,165,67.41214932472649,4006.250747514068,9,mixed
772,638,26.658184180306222,1200.643970665165,3,mixed
773,53,59.63622259670406,3687.984258347812,5,random
774,456,66.95216585568814,3184.098746184906,9,sequential
775,2217,82.64572264829903,2621.273970453585,8,random
776,173,38.69601158673742,3785.5107875623144,8,sequential
777,619,37.42805356905657,3932.142975401436,3,mixed
778,357,73.75681915811907,3731.7438740844414,1,random
779,227,47.199010737676545,3138.8952123234094,5,mixed
780,1413,42.59785177567857,2502.7568072599784,8,sequential
781,223,60.82319533973683,366.272091100187,7,mixed
782,51,38.0973580584464,1168.4338400314202,8,sequential
783,35,49.04296750524196,685.2399338102274,2,random
784,1944,21.58296334049327,527.6233899129038,2,mixed
785,408,42.8252182180701,2195.7625521736045,1,random
786,786,34.33160912362826,2038.1510775463069,1,random
787,474,14.831117403715108,1085.8396952739513,9,mixed
788,1058,81.83683671007613,1822.3956515089924,8,mixed
789,92,82.8832139002219,312.8119654238086,6,mixed
790,350,14.641304073947436,3594.505576446275,8,sequential
791,1,11.361122147447418,424.19640970931005,8,mixed
792,1011,41.51875703552591,2057.954098980799,2,mixed
793,130,36.331718784375454,667.683050775107,3,sequential
794,659,13.577528052926287,1566.2422591411669,4,mixed
795,85,50.91095421927712,1081.3933723595928,6,mixed
796,237,30.632882234183807,1948.037454432568,4,mixed
797,122,11.937510735706178,727.4776436121759,9,random
798,252,82.63709516700943,3186.1217953051732,3,random
799,1208,51.001491026485404,2310.906039171656,5,sequential
800,835,76.92850293623079,1702.337830915371,7,sequential
801,84,63.512767265926584,3210.91783926323,7,mixed
802,1609,16.550573817928267,779.1576389784055,4,random
803,35,11.18816144837937,566.4428135187134,1,mixed
804,341,61.81528115695837,540.9080232898914,2,random
805,140,23.836188808062133,696.847653055482,5,mixed
806,720,41.01613977123954,1847.1105371514232,4,random
807,806,40.542684137702985,725.434612395018,5,sequential
808,346,49.45895790613784,2157.0973431583893,8,random
809,612,32.348025172413124,2390.3720335608627,3,mixed
810,699,60.56520933906388,1505.990210057218,3,mixed
811,441,20.32465077493378,2690.276680985587,5,sequential
812,1208,50.862489932437796,1044.9629731497325,4,mixed
813,181,39.373805748411634,2905.734654037348,6,mixed
814,387,54.555485980452126,3029.451891791053,8,mixed
815,86,52.19642953961669,1552.0667460880968,1,random
816,8,45.946240851653414,1239.956114646945,2,mixed
817,50,70.14178647042664,2598.605023235256,7,mixed
818,80,66.03953198500021,1091.111872006492,4,random
819,162,36.830516373403086,1851.6902789811693,8,sequential
820,198,19.092575073130796,2584.9160683528607,3,mixed
821,988,48.0983032887481,421.0350170573621,9,random
822,229,64.31069809927178,2227.6852982873643,6,mixed
823,697,86.96410428634675,2303.4188561793426,1,sequential
824,1078,64.90877402234571,1592.1916891289309,5,sequential
825,255,32.86294113185079,1650.93925075257,1,random
826,106,70.15244351800868,1738.6154104542884,2,mixed
827,197,57.6253115121082,651.3798491744374,2,mixed
828,768,11.752757187909335,2316.019320777036,2,sequential
829,97,72.26766759308441,1418.7088232606038,3,sequential
830,770,40.09717295162539,393.78407615780293,6,mixed
831,39,89.1008828894606,3122.156049501713,7,sequential
832,310,32.562077498260315,463.416216844195,1,random
833,634,29.041306487775984,2523.2384219186947,7,sequential
834,1010,61.05639355836375,3250.0409275291395,9,random
835,62,74.80755201356484,1544.8564868514568,7,mixed
836,322,51.05604793677722,2994.430914571878,4,mixed
837,1516,10.906766240623584,1411.6729580676708,1,sequential
838,415,59.063083503726915,1039.6528768104495,9,sequential
839,659,21.007452475836068,1271.4245060436072,9,random
840,123,72.37236164455149,3256.0300865532686,8,random
841,896,43.420703265792106,2315.542688761913,9,random
842,264,66.20933190789957,1265.3252752265823,9,random
843,39,35.83097480350334,3498.3809319519323,2,mixed
844,5,66.26101381020595,1659.452247330642,1,mixed
845,76,78.83240324959442,2300.623605643493,6,sequential
846,168,65.34830742130231,3828.146068275437,2,sequential
847,38,83.90045739346019,513.5772148497306,2,random
848,249,89.07274947078,1964.7682739871216,1,mixed
849,576,70.91158116746527,1479.60936573986,8,sequential
850,460,16.157496066073065,4024.182725910621,8,mixed
851,441,83.5847210959284,743.1935317008052,1,mixed
852,86,66.99233972103958,2581.0928086400995,7,sequential
853,878,57.63226406774816,3351.229314522018,6,random
854,73,63.08878482179345,1321.9719857405194,7,mixed
855,47,20.797494546540563,2601.9428136970364,9,sequential
856,1748,62.02706819645488,2952.196440499469,2,random
857,476,58.451902365328046,987.3575209202806,3,random
858,195,17.272409829655615,1543.7667186057402,2,random
859,52,50.24272484188647,2522.4962172955566,6,random
860,28,30.383724300066703,3857.591985243428,5,random
861,282,73.51701271762975,2830.3507081270086,8,mixed
862,2125,83.70199632488448,383.1818448873171,6,random
863,302,15.979568895037755,1924.225725350985,2,random
864,731,59.41788464154405,3986.3726664163446,6,sequential
865,203,79.66302967621061,2478.485858398528,6,mixed
866,363,75.77466672873716,2713.587228288576,6,mixed
867,265,14.691476534460248,1720.47814919481,4,mixed
868,25,28.549105496054423,3010.2041463403475,4,sequential
869,317,17.495075074521953,2020.3281734918335,4,mixed
870,750,17.453240026345398,3755.204718661007,7,sequential
871,478,33.00698019315565,3684.785732328441,7,mixed
872,23,34.655681664465554,1230.0235934289954,6,random
873,1247,70.61975517522484,2504.3719710352566,7,random
874,1029,71.83029087700791,2713.2372075866856,6,mixed
875,6,49.26818822580972,549.7370839545331,6,mixed
876,300,66.08542803717287,350.4802159568178,3,mixed
877,73,39.711143089107885,3179.35388180672,7,sequential
878,37,21.02326846589517,3387.4451448990803,7,random
879,195,18.761296272611894,1745.9720389353663,3,mixed
880,118,46.04983342185439,1768.592874470201,7,random
881,479,68.99235721366331,3846.427513747616,2,random
882,12,73.67583633272442,3946.832511608815,2,random
883,1098,38.8264737676088,392.818571634785,9,mixed
884,62,13.220957642983935,3759.2076469766866,3,sequential
885,1156,12.736592558678623,3331.2063555892514,4,mixed
886,241,21.4673792708542,3835.899143340891,2,mixed
887,27,22.855354397405314,2913.8185881198046,4,sequential
888,282,60.90596342567963,2239.8736948229885,5,sequential
889,65,76.83197665438787,1343.8854107425987,2,mixed
890,1255,88.32749113667043,1625.485997753304,3,sequential
891,894,41.976060287328025,1441.3604953413535,7,mixed
892,96,31.86630435792064,2867.6457468735307,6,mixed
893,301,10.597085406982085,3470.403271417951,3,sequential
894,437,72.42614854336873,2647.4932603391844,1,mixed
895,54,44.49331220164092,3109.626936167,2,sequential
896,175,23.427868974598482,2777.2830205519217,3,random
897,942,76.94917989809353,1115.295859184641,5,mixed
898,1788,89.00679996337391,288.63654152839536,3,sequential
899,668,82.50223522705626,588.8454763948333,5,mixed
900,292,20.10938145949219,1667.5052746276256,3,mixed
901,191,37.678546405102,3390.038003027663,1,sequential
902,1805,15.954185545407311,1211.7877829252488,7,sequential
903,431,66.0701482025255,331.9480944710673,7,random
904,100,52.27909208508662,1185.2857635884038,8,mixed
905,35,34.38800163253299,2870.9540378704314,9,sequential
906,196,23.257959253755473,3240.9924454892753,4,random
907,578,48.404620639815164,704.3915042694891,9,mixed
908,100,57.51741570642308,3774.975085237495,1,random
909,2182,44.740236325621545,2841.007085151068,2,mixed
910,377,67.36196806914646,950.6712607681217,6,sequential
911,21,64.07392462916953,2701.7039250743487,3,mixed
912,54,55.62945812038077,1723.6393506357313,3,sequential
913,397,88.93172906593436,391.3028260916552,2,sequential
914,309,20.28932779493357,2534.168100088329,8,random
915,499,45.708320082116735,791.7161604370032,1,mixed
916,607,41.79833247106055,261.47683926116076,9,random
917,19,51.902781963363296,1581.0474245359903,3,mixed
918,598,65.9666936660981,306.6280615587855,3,mixed
919,307,32.955479176173306,1526.1573088835682,2,sequential
920,1602,74.32865655224145,3651.752268170566,3,mixed
921,309,66.77391497145294,2577.1449843454284,4,sequential
922,411,60.93015559033609,3194.7432572557364,4,mixed
923,998,59.610833218137316,2226.0889446245747,6,mixed
924,954,37.14228514387326,1511.8460156730694,6,mixed
925,250,89.30702770853073,1017.1248612193183,5,mixed
926,711,65.46463777806963,2697.2550679918136,9,sequential
927,817,10.374705504187283,595.570400515168,1,mixed
928,838,82.11502393572579,349.6433568976047,4,sequential
929,1194,79.57008444729094,2625.261608580109,8,sequential
930,850,62.744930265864916,2805.226161140332,1,mixed
931,602,43.80700456107412,3052.8704445804233,8,mixed
932,3,11.117031687238361,908.6511579152304,5,mixed
933,735,80.1337277432177,742.5673271481489,4,mixed
934,1359,15.863618304450391,1361.7446378293394,1,random
935,848,57.024240260039996,3123.9413984671173,3,sequential
936,194,25.864059431378212,1875.7670217186724,5,random
937,783,58.90356746529835,1719.1600450034157,4,mixed
938,137,65.92486317742657,1060.9201208410013,8,sequential
939,220,21.788728148149843,321.84812436480576,9,sequential
940,213,77.34475420621364,3155.933282265841,7,sequential
941,401,45.46416208379873,2088.560453405772,2,sequential
942,1749,80.18233593055,1864.9156684588077,1,random
943,787,39.42241038018878,2718.5552230059675,7,sequential
944,264,69.10728595042477,2019.2750583236134,3,mixed
945,119,88.84420025354973,3546.27369215601,7,mixed
946,988,25.278142767588506,796.6150652133659,3,random
947,312,66.34779104678229,753.8627758972045,9,random
948,772,34.71680957640429,2928.703773700188,9,mixed
949,64,51.76212855185419,1278.8354550627078,5,sequential
950,99,41.48844917931103,589.258235026208,7,mixed
951,489,80.52577190863738,3846.0901065521275,6,random
952,105,40.131565770432616,468.99146206004053,2,random
953,119,35.669906692831574,3541.185388248954,3,random
954,311,15.329491451897974,1943.375976469982,9,mixed
955,373,64.58845264375489,323.01291002517564,7,mixed
956,363,50.79223940760397,2681.8156090779266,4,random
957,207,11.948440365549633,1814.379495007716,6,random
958,971,40.562508134292884,1866.3159080975156,1,mixed
959,15,57.811533783198655,3122.2597899490784,6,random
960,89,23.457215574145867,1944.1239117936777,5,random
961,145,42.09342152642768,257.87202167240116,4,mixed
962,130,55.12128446901707,1113.3362640108917,2,sequential
963,83,85.1701399068526,2592.316041340622,7,sequential
964,68,47.75872958612369,3448.45500573918,9,sequential
965,1229,12.779415578656437,3987.6102922920986,5,mixed
966,416,19.063809620605305,2737.415656852577,3,sequential
967,55,86.982381874787,3243.349132886409,9,sequential
968,191,78.71923309937318,1235.0569435191971,3,mixed
969,165,18.349387106709543,796.3553500406794,4,sequential
970,95,70.04778827028947,3484.9479599486012,5,mixed
971,908,76.38733272291363,2394.8816732403434,2,sequential
972,583,14.080623256221578,365.21508607577636,4,sequential
973,502,24.46579498515593,2394.946321566399,4,mixed
974,814,69.78191180258332,3551.1198625809416,9,mixed
975,131,42.556960284841594,548.2883555023107,3,mixed
976,102,58.981222225142176,319.9948816280045,9,random
977,570,47.18908567311036,1603.6010813867686,9,sequential
978,628,46.856660510070505,2854.0051672225136,5,random
979,630,65.73638612847739,3834.807723036465,4,sequential
980,409,86.31965649674385,2341.268493278102,4,random
981,819,54.5834249253182,713.8586953551876,1,random
982,232,63.34374342407783,1854.3468506422987,4,sequential
983,201,47.940453195784954,1188.0390534912563,7,sequential
984,483,19.509262072587823,2756.5282827118917,7,mixed
985,1327,51.74195834619991,2191.447553754442,4,random
986,50,12.370044762889094,3281.4247378328732,7,sequential
987,54,67.30401629998352,3436.6691319053007,2,mixed
988,4,55.30661512736523,1903.0547796321855,7,sequential
989,9,14.047863817169857,1708.8459538367183,2,mixed
990,15,26.357313375346372,2700.345548954044,7,sequential
991,564,71.903717476164,1741.2726665911032,4,sequential
992,38,82.256313763898,3137.141675018009,3,mixed
993,49,42.06795708696875,3806.600355351943,6,sequential
994,58,71.09261017466258,1558.7004740208179,3,sequential
995,326,55.000816296243,559.0854452818296,6,mixed
996,1043,25.16505344674048,2045.8453226439435,1,sequential
997,1435,73.78885947813859,1623.934361139308,7,mixed
998,190,80.96621264517103,3815.4762753817927,9,mixed
999,651,41.030520315595226,2597.8774492845055,1,sequential
1000,652,39.06683331934009,2540.820735509302,8,random
