timestamp,queue_length,avg_wait_time_ms,query_exec_time_ms,access_pattern,concurrent_queries
2025-05-16 05:36:00.752953,37,388,128,hotspot,148
2025-05-16 05:36:05.752953,57,102,363,hotspot,160
2025-05-16 05:36:10.752953,36,120,628,hotspot,242
2025-05-16 05:36:15.752953,52,324,969,cold,220
2025-05-16 05:36:20.752953,7,97,70,hotspot,241
2025-05-16 05:36:25.752953,11,127,465,uniform,25
2025-05-16 05:36:30.752953,38,74,74,uniform,173
2025-05-16 05:36:35.752953,57,214,284,cold,125
2025-05-16 05:36:40.752953,61,0,497,uniform,121
2025-05-16 05:36:45.752953,6,216,113,uniform,47
2025-05-16 05:36:50.752953,9,305,129,cold,264
2025-05-16 05:36:55.752953,54,80,770,uniform,114
2025-05-16 05:37:00.752953,53,40,101,cold,191
2025-05-16 05:37:05.752953,88,48,1002,hotspot,11
2025-05-16 05:37:10.752953,44,39,364,cold,293
2025-05-16 05:37:15.752953,99,47,216,cold,158
2025-05-16 05:37:20.752953,27,59,649,hotspot,260
2025-05-16 05:37:25.752953,25,93,628,uniform,142
2025-05-16 05:37:30.752953,57,72,473,cold,265
2025-05-16 05:37:35.752953,72,18,316,cold,260
2025-05-16 05:37:40.752953,92,363,200,uniform,36
2025-05-16 05:37:45.752953,54,153,106,uniform,8
2025-05-16 05:37:50.752953,27,98,630,cold,262
2025-05-16 05:37:55.752953,16,20,15,hotspot,113
2025-05-16 05:38:00.752953,90,1,357,cold,244
2025-05-16 05:38:05.752953,20,263,516,hotspot,168
2025-05-16 05:38:10.752953,26,6,249,hotspot,233
2025-05-16 05:38:15.752953,8,639,1155,hotspot,250
2025-05-16 05:38:20.752953,59,67,1078,cold,30
2025-05-16 05:38:25.752953,47,191,1573,cold,216
2025-05-16 05:38:30.752953,31,48,53,cold,291
2025-05-16 05:38:35.752953,37,3,628,uniform,249
2025-05-16 05:38:40.752953,61,114,32,cold,54
2025-05-16 05:38:45.752953,48,3,47,hotspot,127
2025-05-16 05:38:50.752953,51,4,2202,hotspot,272
2025-05-16 05:38:55.752953,51,4,314,cold,113
2025-05-16 05:39:00.752953,88,34,273,cold,54
2025-05-16 05:39:05.752953,91,54,489,uniform,243
2025-05-16 05:39:10.752953,61,172,1151,hotspot,243
2025-05-16 05:39:15.752953,81,238,354,cold,274
2025-05-16 05:39:20.752953,7,161,20,uniform,115
2025-05-16 05:39:25.752953,8,30,534,cold,270
2025-05-16 05:39:30.752953,10,542,56,uniform,248
2025-05-16 05:39:35.752953,96,492,293,hotspot,177
2025-05-16 05:39:40.752953,5,139,485,hotspot,286
2025-05-16 05:39:45.752953,88,130,1075,hotspot,192
2025-05-16 05:39:50.752953,2,259,565,cold,33
2025-05-16 05:39:55.752953,30,27,119,cold,49
2025-05-16 05:40:00.752953,89,52,57,hotspot,23
2025-05-16 05:40:05.752953,93,16,202,cold,188
2025-05-16 05:40:10.752953,14,86,622,cold,167
2025-05-16 05:40:15.752953,60,27,87,hotspot,142
2025-05-16 05:40:20.752953,92,7,677,cold,130
2025-05-16 05:40:25.752953,27,40,246,uniform,144
2025-05-16 05:40:30.752953,9,82,221,hotspot,192
2025-05-16 05:40:35.752953,5,163,172,cold,252
2025-05-16 05:40:40.752953,43,59,974,uniform,202
2025-05-16 05:40:45.752953,66,141,153,cold,13
2025-05-16 05:40:50.752953,81,156,192,hotspot,64
2025-05-16 05:40:55.752953,59,254,161,uniform,60
2025-05-16 05:41:00.752953,41,230,195,hotspot,79
2025-05-16 05:41:05.752953,52,10,871,cold,239
2025-05-16 05:41:10.752953,76,252,1141,uniform,40
2025-05-16 05:41:15.752953,20,73,892,cold,107
2025-05-16 05:41:20.752953,56,0,319,cold,295
2025-05-16 05:41:25.752953,81,87,201,cold,121
2025-05-16 05:41:30.752953,93,156,60,hotspot,99
2025-05-16 05:41:35.752953,29,651,1747,hotspot,66
2025-05-16 05:41:40.752953,32,19,42,cold,299
2025-05-16 05:41:45.752953,35,169,54,cold,38
2025-05-16 05:41:50.752953,91,182,508,hotspot,278
2025-05-16 05:41:55.752953,95,108,340,cold,296
2025-05-16 05:42:00.752953,96,493,149,uniform,109
2025-05-16 05:42:05.752953,4,128,224,cold,251
2025-05-16 05:42:10.752953,15,57,408,uniform,154
2025-05-16 05:42:15.752953,96,188,62,cold,18
2025-05-16 05:42:20.752953,59,226,346,hotspot,87
2025-05-16 05:42:25.752953,15,89,311,hotspot,83
2025-05-16 05:42:30.752953,26,6,929,uniform,264
2025-05-16 05:42:35.752953,52,30,171,cold,64
2025-05-16 05:42:40.752953,41,79,3923,cold,284
2025-05-16 05:42:45.752953,2,490,128,cold,131
2025-05-16 05:42:50.752953,81,39,311,uniform,210
2025-05-16 05:42:55.752953,45,266,458,hotspot,36
2025-05-16 05:43:00.752953,11,25,1196,hotspot,18
2025-05-16 05:43:05.752953,86,61,162,uniform,212
2025-05-16 05:43:10.752953,72,427,395,hotspot,206
2025-05-16 05:43:15.752953,96,191,115,hotspot,21
2025-05-16 05:43:20.752953,1,16,463,uniform,167
2025-05-16 05:43:25.752953,73,62,608,hotspot,62
2025-05-16 05:43:30.752953,55,6,530,cold,297
2025-05-16 05:43:35.752953,22,72,2096,uniform,297
2025-05-16 05:43:40.752953,54,254,956,uniform,8
2025-05-16 05:43:45.752953,76,162,401,cold,136
2025-05-16 05:43:50.752953,28,69,613,cold,104
2025-05-16 05:43:55.752953,18,148,24,hotspot,110
2025-05-16 05:44:00.752953,71,58,598,hotspot,227
2025-05-16 05:44:05.752953,23,62,475,uniform,125
2025-05-16 05:44:10.752953,13,285,116,cold,294
2025-05-16 05:44:15.752953,74,15,77,cold,159
2025-05-16 05:44:20.752953,38,45,152,cold,188
2025-05-16 05:44:25.752953,40,223,54,hotspot,294
2025-05-16 05:44:30.752953,39,25,607,cold,16
2025-05-16 05:44:35.752953,97,152,304,uniform,56
2025-05-16 05:44:40.752953,67,55,266,uniform,254
2025-05-16 05:44:45.752953,60,206,429,hotspot,44
2025-05-16 05:44:50.752953,64,27,2035,uniform,81
2025-05-16 05:44:55.752953,83,35,451,uniform,204
2025-05-16 05:45:00.752953,63,115,617,cold,28
2025-05-16 05:45:05.752953,91,10,563,hotspot,127
2025-05-16 05:45:10.752953,55,119,1211,uniform,263
2025-05-16 05:45:15.752953,85,12,144,cold,188
2025-05-16 05:45:20.752953,73,56,1942,hotspot,198
2025-05-16 05:45:25.752953,78,49,361,uniform,171
2025-05-16 05:45:30.752953,80,68,124,uniform,146
2025-05-16 05:45:35.752953,76,26,226,cold,234
2025-05-16 05:45:40.752953,77,54,847,uniform,192
2025-05-16 05:45:45.752953,40,25,6,cold,83
2025-05-16 05:45:50.752953,20,374,593,uniform,77
2025-05-16 05:45:55.752953,46,82,507,hotspot,283
2025-05-16 05:46:00.752953,62,117,476,hotspot,77
2025-05-16 05:46:05.752953,6,35,310,cold,24
2025-05-16 05:46:10.752953,34,207,877,uniform,109
2025-05-16 05:46:15.752953,44,21,817,hotspot,124
2025-05-16 05:46:20.752953,63,32,220,cold,42
2025-05-16 05:46:25.752953,21,64,497,hotspot,115
2025-05-16 05:46:30.752953,20,285,709,cold,211
2025-05-16 05:46:35.752953,18,78,470,uniform,74
2025-05-16 05:46:40.752953,85,201,101,uniform,274
2025-05-16 05:46:45.752953,30,92,622,hotspot,233
2025-05-16 05:46:50.752953,33,156,854,hotspot,199
2025-05-16 05:46:55.752953,55,29,176,hotspot,262
2025-05-16 05:47:00.752953,43,131,24,hotspot,111
2025-05-16 05:47:05.752953,82,277,735,uniform,112
2025-05-16 05:47:10.752953,73,100,214,hotspot,235
2025-05-16 05:47:15.752953,88,18,616,hotspot,86
2025-05-16 05:47:20.752953,11,176,1316,hotspot,110
2025-05-16 05:47:25.752953,86,218,402,uniform,146
2025-05-16 05:47:30.752953,15,2,16,uniform,221
2025-05-16 05:47:35.752953,71,251,26,uniform,60
2025-05-16 05:47:40.752953,47,117,365,cold,197
2025-05-16 05:47:45.752953,97,406,716,cold,260
2025-05-16 05:47:50.752953,23,72,703,uniform,13
2025-05-16 05:47:55.752953,95,37,732,hotspot,104
2025-05-16 05:48:00.752953,73,33,690,uniform,234
2025-05-16 05:48:05.752953,54,55,171,uniform,211
2025-05-16 05:48:10.752953,88,190,1369,hotspot,177
2025-05-16 05:48:15.752953,7,31,154,cold,104
2025-05-16 05:48:20.752953,45,2,16,hotspot,64
2025-05-16 05:48:25.752953,61,139,209,uniform,280
2025-05-16 05:48:30.752953,14,11,1065,cold,201
2025-05-16 05:48:35.752953,75,25,60,cold,129
2025-05-16 05:48:40.752953,26,432,16,uniform,13
2025-05-16 05:48:45.752953,80,14,504,uniform,141
2025-05-16 05:48:50.752953,9,131,943,hotspot,224
2025-05-16 05:48:55.752953,28,28,273,cold,242
2025-05-16 05:49:00.752953,52,5,69,cold,111
2025-05-16 05:49:05.752953,37,53,691,hotspot,262
2025-05-16 05:49:10.752953,2,162,497,uniform,109
2025-05-16 05:49:15.752953,89,192,808,hotspot,247
2025-05-16 05:49:20.752953,85,16,102,hotspot,99
2025-05-16 05:49:25.752953,79,20,159,uniform,293
2025-05-16 05:49:30.752953,38,251,806,uniform,210
2025-05-16 05:49:35.752953,37,43,972,cold,257
2025-05-16 05:49:40.752953,11,17,733,uniform,240
2025-05-16 05:49:45.752953,16,192,190,hotspot,179
2025-05-16 05:49:50.752953,15,60,381,hotspot,72
2025-05-16 05:49:55.752953,10,153,588,cold,12
2025-05-16 05:50:00.752953,36,85,704,uniform,73
2025-05-16 05:50:05.752953,74,98,217,uniform,232
2025-05-16 05:50:10.752953,95,294,572,hotspot,123
2025-05-16 05:50:15.752953,21,11,872,cold,226
2025-05-16 05:50:20.752953,43,475,55,uniform,164
2025-05-16 05:50:25.752953,62,181,700,hotspot,162
2025-05-16 05:50:30.752953,3,90,403,uniform,238
2025-05-16 05:50:35.752953,64,17,221,uniform,37
2025-05-16 05:50:40.752953,44,190,53,cold,101
2025-05-16 05:50:45.752953,15,187,127,cold,279
2025-05-16 05:50:50.752953,64,166,871,hotspot,56
2025-05-16 05:50:55.752953,20,86,626,hotspot,96
2025-05-16 05:51:00.752953,21,491,1448,cold,47
2025-05-16 05:51:05.752953,10,201,585,cold,245
2025-05-16 05:51:10.752953,15,6,284,uniform,79
2025-05-16 05:51:15.752953,65,67,33,uniform,130
2025-05-16 05:51:20.752953,85,174,250,uniform,240
2025-05-16 05:51:25.752953,8,64,1881,hotspot,163
2025-05-16 05:51:30.752953,11,705,2230,uniform,296
2025-05-16 05:51:35.752953,4,128,25,hotspot,68
2025-05-16 05:51:40.752953,39,175,210,uniform,296
2025-05-16 05:51:45.752953,13,109,107,hotspot,146
2025-05-16 05:51:50.752953,68,65,2817,hotspot,24
2025-05-16 05:51:55.752953,17,14,101,hotspot,182
2025-05-16 05:52:00.752953,8,139,987,cold,230
2025-05-16 05:52:05.752953,32,206,323,uniform,183
2025-05-16 05:52:10.752953,66,401,1161,uniform,133
2025-05-16 05:52:15.752953,36,18,172,uniform,117
2025-05-16 05:52:20.752953,21,22,802,cold,269
2025-05-16 05:52:25.752953,68,49,640,cold,227
2025-05-16 05:52:30.752953,49,71,410,uniform,183
2025-05-16 05:52:35.752953,79,332,1339,hotspot,115
2025-05-16 05:52:40.752953,93,215,239,hotspot,240
2025-05-16 05:52:45.752953,83,79,1134,uniform,221
2025-05-16 05:52:50.752953,53,8,645,hotspot,150
2025-05-16 05:52:55.752953,54,49,2206,cold,166
2025-05-16 05:53:00.752953,58,144,1002,cold,30
2025-05-16 05:53:05.752953,41,371,269,cold,271
2025-05-16 05:53:10.752953,99,473,1598,cold,212
2025-05-16 05:53:15.752953,33,166,634,cold,10
2025-05-16 05:53:20.752953,76,17,3,hotspot,25
2025-05-16 05:53:25.752953,9,57,1574,uniform,213
2025-05-16 05:53:30.752953,54,153,61,uniform,173
2025-05-16 05:53:35.752953,41,271,6,uniform,38
2025-05-16 05:53:40.752953,40,687,305,hotspot,250
2025-05-16 05:53:45.752953,21,36,1221,uniform,150
2025-05-16 05:53:50.752953,25,26,1684,cold,80
2025-05-16 05:53:55.752953,63,774,575,hotspot,43
2025-05-16 05:54:00.752953,38,97,219,cold,174
2025-05-16 05:54:05.752953,24,219,22,uniform,206
2025-05-16 05:54:10.752953,76,374,504,hotspot,99
2025-05-16 05:54:15.752953,73,10,161,hotspot,231
2025-05-16 05:54:20.752953,53,474,88,cold,170
2025-05-16 05:54:25.752953,69,58,150,cold,185
2025-05-16 05:54:30.752953,62,181,154,cold,55
2025-05-16 05:54:35.752953,0,144,670,cold,162
2025-05-16 05:54:40.752953,59,128,439,uniform,240
2025-05-16 05:54:45.752953,1,163,668,uniform,43
2025-05-16 05:54:50.752953,20,39,255,hotspot,35
2025-05-16 05:54:55.752953,27,117,482,uniform,91
2025-05-16 05:55:00.752953,3,17,384,cold,256
2025-05-16 05:55:05.752953,86,251,427,uniform,227
2025-05-16 05:55:10.752953,10,76,761,uniform,210
2025-05-16 05:55:15.752953,19,36,160,cold,13
2025-05-16 05:55:20.752953,36,257,736,hotspot,67
2025-05-16 05:55:25.752953,37,86,311,cold,250
2025-05-16 05:55:30.752953,6,84,1486,uniform,298
2025-05-16 05:55:35.752953,83,188,163,cold,248
2025-05-16 05:55:40.752953,23,111,688,hotspot,229
2025-05-16 05:55:45.752953,7,133,124,cold,18
2025-05-16 05:55:50.752953,22,180,891,cold,205
2025-05-16 05:55:55.752953,69,197,145,hotspot,88
2025-05-16 05:56:00.752953,96,11,312,cold,212
2025-05-16 05:56:05.752953,99,10,1711,cold,292
2025-05-16 05:56:10.752953,21,113,67,cold,101
2025-05-16 05:56:15.752953,74,46,72,cold,29
2025-05-16 05:56:20.752953,40,128,812,uniform,152
2025-05-16 05:56:25.752953,83,133,595,cold,3
2025-05-16 05:56:30.752953,57,60,591,uniform,63
2025-05-16 05:56:35.752953,14,172,127,uniform,226
2025-05-16 05:56:40.752953,40,26,1031,uniform,295
2025-05-16 05:56:45.752953,78,569,262,cold,2
2025-05-16 05:56:50.752953,91,33,138,uniform,229
2025-05-16 05:56:55.752953,17,36,1286,uniform,43
2025-05-16 05:57:00.752953,38,89,1329,hotspot,78
2025-05-16 05:57:05.752953,92,159,173,uniform,253
2025-05-16 05:57:10.752953,11,24,12,hotspot,232
2025-05-16 05:57:15.752953,66,152,121,cold,132
2025-05-16 05:57:20.752953,86,35,18,cold,18
2025-05-16 05:57:25.752953,22,31,71,hotspot,9
2025-05-16 05:57:30.752953,66,20,824,cold,185
2025-05-16 05:57:35.752953,17,144,799,cold,140
2025-05-16 05:57:40.752953,32,248,691,hotspot,152
2025-05-16 05:57:45.752953,77,316,623,hotspot,69
2025-05-16 05:57:50.752953,23,28,215,uniform,57
2025-05-16 05:57:55.752953,89,19,2010,uniform,77
2025-05-16 05:58:00.752953,82,83,908,hotspot,148
2025-05-16 05:58:05.752953,33,759,186,hotspot,198
2025-05-16 05:58:10.752953,54,113,1605,cold,228
2025-05-16 05:58:15.752953,28,68,67,hotspot,196
2025-05-16 05:58:20.752953,59,251,89,cold,103
2025-05-16 05:58:25.752953,73,55,119,cold,18
2025-05-16 05:58:30.752953,28,142,828,uniform,256
2025-05-16 05:58:35.752953,55,135,194,cold,247
2025-05-16 05:58:40.752953,71,142,331,cold,16
2025-05-16 05:58:45.752953,63,0,327,cold,215
2025-05-16 05:58:50.752953,86,153,414,hotspot,132
2025-05-16 05:58:55.752953,59,233,107,cold,131
2025-05-16 05:59:00.752953,55,248,1087,hotspot,182
2025-05-16 05:59:05.752953,91,126,364,cold,23
2025-05-16 05:59:10.752953,17,451,94,uniform,207
2025-05-16 05:59:15.752953,42,128,445,hotspot,2
2025-05-16 05:59:20.752953,83,276,453,hotspot,131
2025-05-16 05:59:25.752953,28,469,1101,uniform,287
2025-05-16 05:59:30.752953,69,104,712,cold,5
2025-05-16 05:59:35.752953,32,386,274,uniform,57
2025-05-16 05:59:40.752953,83,350,159,cold,63
2025-05-16 05:59:45.752953,86,89,1185,cold,129
2025-05-16 05:59:50.752953,8,113,556,hotspot,203
2025-05-16 05:59:55.752953,78,110,144,cold,68
2025-05-16 06:00:00.752953,3,138,30,uniform,144
2025-05-16 06:00:05.752953,62,137,189,cold,166
2025-05-16 06:00:10.752953,40,232,304,hotspot,180
2025-05-16 06:00:15.752953,42,115,1737,hotspot,183
2025-05-16 06:00:20.752953,21,222,1217,uniform,158
2025-05-16 06:00:25.752953,95,439,545,hotspot,130
2025-05-16 06:00:30.752953,98,109,66,hotspot,246
2025-05-16 06:00:35.752953,97,176,316,cold,250
2025-05-16 06:00:40.752953,75,117,237,cold,125
2025-05-16 06:00:45.752953,75,39,345,hotspot,15
2025-05-16 06:00:50.752953,36,48,97,uniform,290
2025-05-16 06:00:55.752953,88,66,127,cold,90
2025-05-16 06:01:00.752953,92,254,87,hotspot,83
2025-05-16 06:01:05.752953,60,75,706,hotspot,236
2025-05-16 06:01:10.752953,57,254,1208,hotspot,7
2025-05-16 06:01:15.752953,35,59,414,uniform,279
2025-05-16 06:01:20.752953,56,120,99,cold,39
2025-05-16 06:01:25.752953,12,176,287,cold,243
2025-05-16 06:01:30.752953,71,28,398,uniform,203
2025-05-16 06:01:35.752953,89,219,794,cold,159
2025-05-16 06:01:40.752953,47,524,166,hotspot,68
2025-05-16 06:01:45.752953,89,144,1390,uniform,86
2025-05-16 06:01:50.752953,30,135,51,cold,196
2025-05-16 06:01:55.752953,84,19,284,cold,167
2025-05-16 06:02:00.752953,34,93,242,cold,108
2025-05-16 06:02:05.752953,42,145,745,hotspot,51
2025-05-16 06:02:10.752953,84,65,8,uniform,75
2025-05-16 06:02:15.752953,19,167,520,hotspot,130
2025-05-16 06:02:20.752953,77,32,254,uniform,232
2025-05-16 06:02:25.752953,6,454,31,cold,267
2025-05-16 06:02:30.752953,72,88,1560,hotspot,225
2025-05-16 06:02:35.752953,19,157,98,hotspot,85
2025-05-16 06:02:40.752953,16,8,481,uniform,285
2025-05-16 06:02:45.752953,56,89,169,uniform,283
2025-05-16 06:02:50.752953,96,74,777,hotspot,212
2025-05-16 06:02:55.752953,57,420,657,hotspot,57
2025-05-16 06:03:00.752953,37,486,379,cold,225
2025-05-16 06:03:05.752953,84,84,991,uniform,37
2025-05-16 06:03:10.752953,87,90,275,cold,6
2025-05-16 06:03:15.752953,70,238,815,uniform,217
2025-05-16 06:03:20.752953,8,134,62,uniform,96
2025-05-16 06:03:25.752953,31,21,159,hotspot,42
2025-05-16 06:03:30.752953,90,620,149,cold,12
2025-05-16 06:03:35.752953,27,108,490,cold,113
2025-05-16 06:03:40.752953,62,146,767,hotspot,256
2025-05-16 06:03:45.752953,53,73,188,hotspot,139
2025-05-16 06:03:50.752953,22,134,142,hotspot,65
2025-05-16 06:03:55.752953,64,54,652,cold,65
2025-05-16 06:04:00.752953,43,123,158,uniform,34
2025-05-16 06:04:05.752953,49,158,377,hotspot,110
2025-05-16 06:04:10.752953,38,118,339,hotspot,37
2025-05-16 06:04:15.752953,30,59,54,hotspot,39
2025-05-16 06:04:20.752953,8,273,1175,hotspot,45
2025-05-16 06:04:25.752953,47,162,580,uniform,276
2025-05-16 06:04:30.752953,17,159,484,hotspot,237
2025-05-16 06:04:35.752953,97,566,60,hotspot,7
2025-05-16 06:04:40.752953,81,188,196,cold,190
2025-05-16 06:04:45.752953,99,214,53,cold,282
2025-05-16 06:04:50.752953,21,157,258,uniform,150
2025-05-16 06:04:55.752953,60,210,1640,cold,178
2025-05-16 06:05:00.752953,78,11,334,hotspot,217
2025-05-16 06:05:05.752953,83,83,1951,hotspot,199
2025-05-16 06:05:10.752953,11,9,578,uniform,93
2025-05-16 06:05:15.752953,41,438,2212,uniform,36
2025-05-16 06:05:20.752953,46,140,316,uniform,178
2025-05-16 06:05:25.752953,7,108,5,hotspot,124
2025-05-16 06:05:30.752953,9,203,467,cold,174
2025-05-16 06:05:35.752953,41,5,950,cold,3
2025-05-16 06:05:40.752953,11,1,456,hotspot,287
2025-05-16 06:05:45.752953,62,254,112,hotspot,269
2025-05-16 06:05:50.752953,26,12,350,cold,138
2025-05-16 06:05:55.752953,99,110,105,cold,152
2025-05-16 06:06:00.752953,42,91,132,cold,135
2025-05-16 06:06:05.752953,45,100,369,hotspot,125
2025-05-16 06:06:10.752953,2,275,258,hotspot,268
2025-05-16 06:06:15.752953,38,98,358,uniform,260
2025-05-16 06:06:20.752953,93,42,893,cold,30
2025-05-16 06:06:25.752953,14,172,222,hotspot,222
2025-05-16 06:06:30.752953,47,72,765,hotspot,167
2025-05-16 06:06:35.752953,92,9,1931,hotspot,66
2025-05-16 06:06:40.752953,90,97,509,cold,46
2025-05-16 06:06:45.752953,94,175,748,uniform,39
2025-05-16 06:06:50.752953,52,106,183,uniform,62
2025-05-16 06:06:55.752953,1,58,1208,hotspot,47
2025-05-16 06:07:00.752953,42,221,60,cold,224
2025-05-16 06:07:05.752953,80,8,753,hotspot,97
2025-05-16 06:07:10.752953,69,126,748,cold,58
2025-05-16 06:07:15.752953,77,162,67,uniform,34
2025-05-16 06:07:20.752953,86,57,132,hotspot,118
2025-05-16 06:07:25.752953,46,63,193,uniform,294
2025-05-16 06:07:30.752953,81,49,575,hotspot,153
2025-05-16 06:07:35.752953,59,147,506,hotspot,162
2025-05-16 06:07:40.752953,62,58,263,uniform,188
2025-05-16 06:07:45.752953,91,193,70,hotspot,236
2025-05-16 06:07:50.752953,92,502,1317,uniform,178
2025-05-16 06:07:55.752953,9,320,1799,hotspot,40
2025-05-16 06:08:00.752953,11,100,384,uniform,96
2025-05-16 06:08:05.752953,65,160,82,hotspot,136
2025-05-16 06:08:10.752953,31,44,4,cold,267
2025-05-16 06:08:15.752953,42,46,735,uniform,37
2025-05-16 06:08:20.752953,48,94,1451,uniform,67
2025-05-16 06:08:25.752953,12,135,344,cold,193
2025-05-16 06:08:30.752953,63,203,673,cold,281
2025-05-16 06:08:35.752953,81,81,1375,cold,212
2025-05-16 06:08:40.752953,94,140,18,hotspot,97
2025-05-16 06:08:45.752953,58,22,529,cold,247
2025-05-16 06:08:50.752953,94,111,50,cold,279
2025-05-16 06:08:55.752953,84,281,112,hotspot,98
2025-05-16 06:09:00.752953,26,139,860,uniform,194
2025-05-16 06:09:05.752953,24,94,1734,cold,267
2025-05-16 06:09:10.752953,59,452,112,cold,109
2025-05-16 06:09:15.752953,70,20,194,cold,145
2025-05-16 06:09:20.752953,93,133,489,hotspot,152
2025-05-16 06:09:25.752953,75,96,388,uniform,93
2025-05-16 06:09:30.752953,11,93,470,hotspot,234
2025-05-16 06:09:35.752953,79,502,549,cold,219
2025-05-16 06:09:40.752953,31,7,282,uniform,29
2025-05-16 06:09:45.752953,11,241,22,uniform,227
2025-05-16 06:09:50.752953,35,69,634,cold,211
2025-05-16 06:09:55.752953,49,1,1239,hotspot,165
2025-05-16 06:10:00.752953,78,38,391,hotspot,56
2025-05-16 06:10:05.752953,80,24,528,hotspot,34
2025-05-16 06:10:10.752953,60,28,287,uniform,291
2025-05-16 06:10:15.752953,95,54,442,uniform,92
2025-05-16 06:10:20.752953,31,51,117,uniform,118
2025-05-16 06:10:25.752953,41,122,36,hotspot,114
2025-05-16 06:10:30.752953,41,67,474,uniform,164
2025-05-16 06:10:35.752953,70,37,411,cold,290
2025-05-16 06:10:40.752953,11,95,660,cold,175
2025-05-16 06:10:45.752953,10,88,68,hotspot,90
2025-05-16 06:10:50.752953,47,403,744,hotspot,252
2025-05-16 06:10:55.752953,22,1,167,hotspot,152
2025-05-16 06:11:00.752953,91,9,580,hotspot,255
2025-05-16 06:11:05.752953,91,192,438,cold,124
2025-05-16 06:11:10.752953,20,18,175,uniform,65
2025-05-16 06:11:15.752953,60,111,154,cold,286
2025-05-16 06:11:20.752953,51,524,536,cold,188
2025-05-16 06:11:25.752953,18,168,308,hotspot,246
2025-05-16 06:11:30.752953,17,205,34,cold,245
2025-05-16 06:11:35.752953,21,156,7,hotspot,282
2025-05-16 06:11:40.752953,85,201,442,uniform,14
2025-05-16 06:11:45.752953,48,39,521,hotspot,143
2025-05-16 06:11:50.752953,73,36,103,cold,234
2025-05-16 06:11:55.752953,97,4,519,hotspot,289
2025-05-16 06:12:00.752953,59,105,868,cold,23
2025-05-16 06:12:05.752953,97,65,1279,cold,178
2025-05-16 06:12:10.752953,0,54,762,cold,206
2025-05-16 06:12:15.752953,54,67,79,cold,74
2025-05-16 06:12:20.752953,22,124,1043,cold,155
2025-05-16 06:12:25.752953,26,22,2473,cold,33
2025-05-16 06:12:30.752953,5,235,419,hotspot,255
2025-05-16 06:12:35.752953,13,42,461,uniform,119
2025-05-16 06:12:40.752953,89,34,236,uniform,128
2025-05-16 06:12:45.752953,43,161,197,cold,281
2025-05-16 06:12:50.752953,33,29,425,hotspot,7
2025-05-16 06:12:55.752953,69,81,355,hotspot,160
2025-05-16 06:13:00.752953,33,210,145,hotspot,143
2025-05-16 06:13:05.752953,70,3,226,cold,207
2025-05-16 06:13:10.752953,1,30,515,hotspot,111
2025-05-16 06:13:15.752953,34,107,568,hotspot,218
2025-05-16 06:13:20.752953,55,102,248,hotspot,45
2025-05-16 06:13:25.752953,57,59,32,hotspot,210
2025-05-16 06:13:30.752953,92,99,566,uniform,242
2025-05-16 06:13:35.752953,44,102,478,hotspot,105
2025-05-16 06:13:40.752953,63,66,269,uniform,283
2025-05-16 06:13:45.752953,77,227,657,uniform,140
2025-05-16 06:13:50.752953,99,401,117,uniform,124
2025-05-16 06:13:55.752953,97,50,389,hotspot,121
2025-05-16 06:14:00.752953,66,142,136,cold,288
2025-05-16 06:14:05.752953,69,188,1291,cold,87
2025-05-16 06:14:10.752953,88,8,1919,cold,86
2025-05-16 06:14:15.752953,49,42,128,hotspot,153
2025-05-16 06:14:20.752953,24,40,128,uniform,132
2025-05-16 06:14:25.752953,25,325,165,uniform,288
2025-05-16 06:14:30.752953,50,212,44,cold,104
2025-05-16 06:14:35.752953,53,485,529,cold,297
2025-05-16 06:14:40.752953,82,3,176,cold,224
2025-05-16 06:14:45.752953,94,358,288,uniform,295
2025-05-16 06:14:50.752953,77,25,71,uniform,100
2025-05-16 06:14:55.752953,46,229,37,uniform,49
2025-05-16 06:15:00.752953,13,0,487,cold,82
2025-05-16 06:15:05.752953,3,55,329,hotspot,242
2025-05-16 06:15:10.752953,79,23,1092,cold,41
2025-05-16 06:15:15.752953,22,125,272,uniform,146
2025-05-16 06:15:20.752953,69,82,27,cold,56
2025-05-16 06:15:25.752953,3,37,45,cold,42
2025-05-16 06:15:30.752953,79,487,466,uniform,106
2025-05-16 06:15:35.752953,95,200,137,hotspot,288
2025-05-16 06:15:40.752953,25,9,55,uniform,85
2025-05-16 06:15:45.752953,72,71,108,hotspot,151
2025-05-16 06:15:50.752953,39,215,778,cold,263
2025-05-16 06:15:55.752953,33,107,414,uniform,153
2025-05-16 06:16:00.752953,89,311,214,uniform,231
2025-05-16 06:16:05.752953,42,121,60,cold,168
2025-05-16 06:16:10.752953,58,476,29,uniform,81
2025-05-16 06:16:15.752953,97,42,427,hotspot,152
2025-05-16 06:16:20.752953,89,144,560,hotspot,145
2025-05-16 06:16:25.752953,60,47,144,cold,258
2025-05-16 06:16:30.752953,98,380,58,hotspot,197
2025-05-16 06:16:35.752953,84,406,459,cold,207
2025-05-16 06:16:40.752953,1,13,90,uniform,108
2025-05-16 06:16:45.752953,98,42,19,hotspot,239
2025-05-16 06:16:50.752953,17,604,13,cold,55
2025-05-16 06:16:55.752953,71,18,287,cold,213
2025-05-16 06:17:00.752953,51,14,174,uniform,43
2025-05-16 06:17:05.752953,38,11,48,uniform,256
2025-05-16 06:17:10.752953,88,12,310,cold,263
2025-05-16 06:17:15.752953,34,294,667,hotspot,56
2025-05-16 06:17:20.752953,84,302,349,uniform,62
2025-05-16 06:17:25.752953,27,11,368,uniform,295
2025-05-16 06:17:30.752953,93,341,507,hotspot,77
2025-05-16 06:17:35.752953,75,3,2390,uniform,185
2025-05-16 06:17:40.752953,22,90,694,cold,153
2025-05-16 06:17:45.752953,24,81,2397,hotspot,193
2025-05-16 06:17:50.752953,74,55,48,cold,68
2025-05-16 06:17:55.752953,52,91,572,uniform,39
2025-05-16 06:18:00.752953,65,4,434,uniform,102
2025-05-16 06:18:05.752953,32,114,1471,cold,3
2025-05-16 06:18:10.752953,88,143,45,cold,48
2025-05-16 06:18:15.752953,98,38,512,uniform,188
2025-05-16 06:18:20.752953,81,170,246,uniform,153
2025-05-16 06:18:25.752953,32,214,188,uniform,149
2025-05-16 06:18:30.752953,69,173,42,cold,283
2025-05-16 06:18:35.752953,8,316,32,cold,290
2025-05-16 06:18:40.752953,21,200,92,cold,79
2025-05-16 06:18:45.752953,39,95,55,hotspot,234
2025-05-16 06:18:50.752953,45,433,1077,uniform,160
2025-05-16 06:18:55.752953,89,331,416,uniform,213
2025-05-16 06:19:00.752953,59,68,1142,hotspot,85
2025-05-16 06:19:05.752953,50,118,488,cold,29
2025-05-16 06:19:10.752953,63,51,77,uniform,251
2025-05-16 06:19:15.752953,68,114,698,hotspot,65
2025-05-16 06:19:20.752953,95,139,675,hotspot,282
2025-05-16 06:19:25.752953,96,206,627,hotspot,103
2025-05-16 06:19:30.752953,85,179,205,uniform,297
2025-05-16 06:19:35.752953,72,144,1326,uniform,246
2025-05-16 06:19:40.752953,2,537,1058,uniform,290
2025-05-16 06:19:45.752953,74,324,486,uniform,193
2025-05-16 06:19:50.752953,57,558,807,hotspot,227
2025-05-16 06:19:55.752953,55,7,224,hotspot,292
2025-05-16 06:20:00.752953,22,218,1309,cold,79
2025-05-16 06:20:05.752953,60,480,152,hotspot,164
2025-05-16 06:20:10.752953,9,178,644,hotspot,138
2025-05-16 06:20:15.752953,52,18,465,uniform,266
2025-05-16 06:20:20.752953,3,403,158,hotspot,3
2025-05-16 06:20:25.752953,30,86,1464,uniform,129
2025-05-16 06:20:30.752953,1,185,103,cold,102
2025-05-16 06:20:35.752953,69,264,2965,uniform,68
2025-05-16 06:20:40.752953,16,205,85,hotspot,194
2025-05-16 06:20:45.752953,33,81,266,uniform,248
2025-05-16 06:20:50.752953,11,177,679,cold,94
2025-05-16 06:20:55.752953,18,24,94,hotspot,86
2025-05-16 06:21:00.752953,69,525,214,uniform,177
2025-05-16 06:21:05.752953,35,139,479,cold,109
2025-05-16 06:21:10.752953,85,38,513,uniform,114
2025-05-16 06:21:15.752953,7,56,81,uniform,152
2025-05-16 06:21:20.752953,81,16,2096,uniform,77
2025-05-16 06:21:25.752953,27,186,680,uniform,13
2025-05-16 06:21:30.752953,16,87,54,cold,116
2025-05-16 06:21:35.752953,83,93,335,hotspot,53
2025-05-16 06:21:40.752953,91,21,3,cold,251
2025-05-16 06:21:45.752953,12,2,180,cold,22
2025-05-16 06:21:50.752953,35,14,836,uniform,206
2025-05-16 06:21:55.752953,85,188,3259,uniform,75
2025-05-16 06:22:00.752953,85,3,112,hotspot,4
2025-05-16 06:22:05.752953,34,3,433,cold,9
2025-05-16 06:22:10.752953,29,90,84,cold,163
2025-05-16 06:22:15.752953,48,234,572,hotspot,168
2025-05-16 06:22:20.752953,33,149,270,cold,289
2025-05-16 06:22:25.752953,8,26,380,uniform,187
2025-05-16 06:22:30.752953,86,259,1007,uniform,180
2025-05-16 06:22:35.752953,29,130,285,hotspot,111
2025-05-16 06:22:40.752953,1,334,119,uniform,10
2025-05-16 06:22:45.752953,19,178,281,hotspot,85
2025-05-16 06:22:50.752953,87,112,304,hotspot,103
2025-05-16 06:22:55.752953,81,60,707,uniform,25
2025-05-16 06:23:00.752953,99,42,38,hotspot,45
2025-05-16 06:23:05.752953,50,12,529,hotspot,204
2025-05-16 06:23:10.752953,21,100,1052,hotspot,266
2025-05-16 06:23:15.752953,24,45,65,uniform,1
2025-05-16 06:23:20.752953,71,180,20,hotspot,212
2025-05-16 06:23:25.752953,35,165,486,uniform,35
2025-05-16 06:23:30.752953,3,16,414,uniform,47
2025-05-16 06:23:35.752953,84,7,356,cold,268
2025-05-16 06:23:40.752953,63,169,695,cold,171
2025-05-16 06:23:45.752953,82,14,496,uniform,193
2025-05-16 06:23:50.752953,15,64,43,cold,228
2025-05-16 06:23:55.752953,12,123,69,hotspot,39
2025-05-16 06:24:00.752953,27,279,216,uniform,102
2025-05-16 06:24:05.752953,45,60,114,uniform,240
2025-05-16 06:24:10.752953,63,187,68,hotspot,18
2025-05-16 06:24:15.752953,62,8,873,cold,239
2025-05-16 06:24:20.752953,19,366,913,hotspot,191
2025-05-16 06:24:25.752953,19,14,101,uniform,174
2025-05-16 06:24:30.752953,99,524,339,cold,171
2025-05-16 06:24:35.752953,9,74,281,hotspot,202
2025-05-16 06:24:40.752953,44,121,515,cold,268
2025-05-16 06:24:45.752953,31,137,1195,cold,77
2025-05-16 06:24:50.752953,79,66,2544,uniform,71
2025-05-16 06:24:55.752953,21,154,88,uniform,156
2025-05-16 06:25:00.752953,73,105,7,uniform,125
2025-05-16 06:25:05.752953,8,349,44,hotspot,44
2025-05-16 06:25:10.752953,22,89,1279,cold,75
2025-05-16 06:25:15.752953,17,86,2,hotspot,43
2025-05-16 06:25:20.752953,70,39,430,hotspot,74
2025-05-16 06:25:25.752953,75,225,665,cold,107
2025-05-16 06:25:30.752953,23,25,628,uniform,281
2025-05-16 06:25:35.752953,53,323,96,uniform,212
2025-05-16 06:25:40.752953,0,95,177,uniform,285
2025-05-16 06:25:45.752953,26,62,184,hotspot,34
2025-05-16 06:25:50.752953,21,286,15,cold,289
2025-05-16 06:25:55.752953,64,65,1482,hotspot,254
2025-05-16 06:26:00.752953,19,29,94,hotspot,118
2025-05-16 06:26:05.752953,60,22,108,uniform,155
2025-05-16 06:26:10.752953,36,69,93,hotspot,203
2025-05-16 06:26:15.752953,51,91,113,uniform,142
2025-05-16 06:26:20.752953,72,130,196,hotspot,42
2025-05-16 06:26:25.752953,23,202,989,uniform,90
2025-05-16 06:26:30.752953,31,43,149,hotspot,109
2025-05-16 06:26:35.752953,42,254,1120,hotspot,113
2025-05-16 06:26:40.752953,66,66,124,uniform,93
2025-05-16 06:26:45.752953,3,25,40,uniform,239
2025-05-16 06:26:50.752953,54,73,6,uniform,35
2025-05-16 06:26:55.752953,63,9,28,cold,110
2025-05-16 06:27:00.752953,33,60,685,hotspot,126
2025-05-16 06:27:05.752953,50,122,327,cold,138
2025-05-16 06:27:10.752953,87,266,78,hotspot,176
2025-05-16 06:27:15.752953,79,175,568,uniform,275
2025-05-16 06:27:20.752953,70,201,372,uniform,154
2025-05-16 06:27:25.752953,26,174,17,cold,253
2025-05-16 06:27:30.752953,81,366,259,cold,253
2025-05-16 06:27:35.752953,32,722,263,cold,188
2025-05-16 06:27:40.752953,86,5,332,hotspot,1
2025-05-16 06:27:45.752953,69,68,2193,hotspot,64
2025-05-16 06:27:50.752953,16,239,684,hotspot,125
2025-05-16 06:27:55.752953,72,176,974,hotspot,121
2025-05-16 06:28:00.752953,69,53,186,hotspot,96
2025-05-16 06:28:05.752953,50,197,455,cold,177
2025-05-16 06:28:10.752953,3,13,391,cold,206
2025-05-16 06:28:15.752953,24,33,565,cold,92
2025-05-16 06:28:20.752953,66,70,666,uniform,183
2025-05-16 06:28:25.752953,56,163,41,cold,38
2025-05-16 06:28:30.752953,8,117,482,hotspot,130
2025-05-16 06:28:35.752953,82,168,548,uniform,272
2025-05-16 06:28:40.752953,85,48,37,uniform,51
2025-05-16 06:28:45.752953,42,255,2177,cold,98
2025-05-16 06:28:50.752953,92,94,279,uniform,203
2025-05-16 06:28:55.752953,8,66,326,cold,159
2025-05-16 06:29:00.752953,40,98,120,cold,203
2025-05-16 06:29:05.752953,42,99,866,cold,133
2025-05-16 06:29:10.752953,86,22,1336,hotspot,185
2025-05-16 06:29:15.752953,0,389,296,uniform,68
2025-05-16 06:29:20.752953,7,214,886,uniform,10
2025-05-16 06:29:25.752953,72,466,59,hotspot,216
2025-05-16 06:29:30.752953,90,260,27,uniform,105
2025-05-16 06:29:35.752953,84,36,171,hotspot,28
2025-05-16 06:29:40.752953,30,11,754,uniform,144
2025-05-16 06:29:45.752953,22,213,999,hotspot,39
2025-05-16 06:29:50.752953,75,170,1068,cold,156
2025-05-16 06:29:55.752953,32,159,231,cold,9
2025-05-16 06:30:00.752953,97,202,11,uniform,278
2025-05-16 06:30:05.752953,56,204,1587,uniform,116
2025-05-16 06:30:10.752953,5,47,791,cold,168
2025-05-16 06:30:15.752953,90,118,80,hotspot,189
2025-05-16 06:30:20.752953,91,1,89,hotspot,264
2025-05-16 06:30:25.752953,88,346,98,uniform,119
2025-05-16 06:30:30.752953,27,43,125,hotspot,295
2025-05-16 06:30:35.752953,0,200,380,uniform,83
2025-05-16 06:30:40.752953,90,376,1152,uniform,208
2025-05-16 06:30:45.752953,1,386,553,cold,32
2025-05-16 06:30:50.752953,65,336,609,cold,145
2025-05-16 06:30:55.752953,20,15,940,uniform,214
2025-05-16 06:31:00.752953,84,105,734,cold,65
2025-05-16 06:31:05.752953,23,31,1465,hotspot,141
2025-05-16 06:31:10.752953,43,2,42,hotspot,263
2025-05-16 06:31:15.752953,80,48,496,uniform,113
2025-05-16 06:31:20.752953,81,339,318,cold,277
2025-05-16 06:31:25.752953,97,10,113,hotspot,225
2025-05-16 06:31:30.752953,91,663,191,uniform,47
2025-05-16 06:31:35.752953,77,33,481,uniform,275
2025-05-16 06:31:40.752953,26,47,311,uniform,186
2025-05-16 06:31:45.752953,53,35,1276,cold,275
2025-05-16 06:31:50.752953,30,669,246,cold,281
2025-05-16 06:31:55.752953,26,171,244,cold,283
2025-05-16 06:32:00.752953,12,37,213,cold,89
2025-05-16 06:32:05.752953,4,89,1168,cold,24
2025-05-16 06:32:10.752953,51,225,822,uniform,224
2025-05-16 06:32:15.752953,54,91,370,cold,94
2025-05-16 06:32:20.752953,37,36,158,hotspot,2
2025-05-16 06:32:25.752953,76,33,83,uniform,140
2025-05-16 06:32:30.752953,19,26,51,cold,137
2025-05-16 06:32:35.752953,95,119,94,hotspot,265
2025-05-16 06:32:40.752953,84,144,145,hotspot,187
2025-05-16 06:32:45.752953,71,173,783,cold,220
2025-05-16 06:32:50.752953,19,52,38,uniform,78
2025-05-16 06:32:55.752953,65,2,517,uniform,196
2025-05-16 06:33:00.752953,13,78,572,hotspot,177
2025-05-16 06:33:05.752953,9,44,476,uniform,65
2025-05-16 06:33:10.752953,40,31,92,cold,172
2025-05-16 06:33:15.752953,7,150,142,uniform,18
2025-05-16 06:33:20.752953,64,113,2921,hotspot,28
2025-05-16 06:33:25.752953,87,237,188,uniform,156
2025-05-16 06:33:30.752953,35,292,56,uniform,161
2025-05-16 06:33:35.752953,79,71,525,uniform,226
2025-05-16 06:33:40.752953,73,12,250,hotspot,80
2025-05-16 06:33:45.752953,91,103,1455,cold,12
2025-05-16 06:33:50.752953,17,72,992,hotspot,178
2025-05-16 06:33:55.752953,98,10,670,cold,215
2025-05-16 06:34:00.752953,21,219,214,cold,271
2025-05-16 06:34:05.752953,3,237,472,cold,160
2025-05-16 06:34:10.752953,4,29,299,cold,181
2025-05-16 06:34:15.752953,4,163,438,uniform,169
2025-05-16 06:34:20.752953,48,250,930,uniform,111
2025-05-16 06:34:25.752953,40,304,623,cold,181
2025-05-16 06:34:30.752953,71,15,467,uniform,244
2025-05-16 06:34:35.752953,0,200,667,cold,296
2025-05-16 06:34:40.752953,91,216,390,uniform,147
2025-05-16 06:34:45.752953,50,269,1693,cold,126
2025-05-16 06:34:50.752953,59,60,1173,hotspot,1
2025-05-16 06:34:55.752953,97,216,729,cold,128
2025-05-16 06:35:00.752953,49,53,803,cold,108
2025-05-16 06:35:05.752953,76,395,110,cold,158
2025-05-16 06:35:10.752953,32,57,266,hotspot,98
2025-05-16 06:35:15.752953,19,193,39,hotspot,16
2025-05-16 06:35:20.752953,30,111,893,uniform,85
2025-05-16 06:35:25.752953,8,109,181,cold,53
2025-05-16 06:35:30.752953,74,24,449,hotspot,52
2025-05-16 06:35:35.752953,72,55,56,cold,86
2025-05-16 06:35:40.752953,74,54,195,uniform,95
2025-05-16 06:35:45.752953,80,30,200,hotspot,228
2025-05-16 06:35:50.752953,54,130,467,hotspot,85
2025-05-16 06:35:55.752953,22,124,487,hotspot,294
2025-05-16 06:36:00.752953,84,35,187,uniform,72
2025-05-16 06:36:05.752953,90,2,626,cold,96
2025-05-16 06:36:10.752953,77,39,210,cold,242
2025-05-16 06:36:15.752953,18,144,91,uniform,118
2025-05-16 06:36:20.752953,63,159,3,cold,6
2025-05-16 06:36:25.752953,4,542,2070,hotspot,255
2025-05-16 06:36:30.752953,42,13,247,hotspot,62
2025-05-16 06:36:35.752953,32,89,215,cold,151
2025-05-16 06:36:40.752953,90,2,376,hotspot,27
2025-05-16 06:36:45.752953,33,219,215,uniform,259
2025-05-16 06:36:50.752953,87,80,179,cold,84
2025-05-16 06:36:55.752953,81,22,135,hotspot,235
2025-05-16 06:37:00.752953,86,64,40,cold,164
2025-05-16 06:37:05.752953,72,248,317,cold,181
2025-05-16 06:37:10.752953,84,3,462,uniform,35
2025-05-16 06:37:15.752953,72,203,112,hotspot,282
2025-05-16 06:37:20.752953,74,17,20,cold,97
2025-05-16 06:37:25.752953,98,12,117,hotspot,189
2025-05-16 06:37:30.752953,82,30,1292,hotspot,31
2025-05-16 06:37:35.752953,86,49,941,hotspot,182
2025-05-16 06:37:40.752953,54,29,272,hotspot,69
2025-05-16 06:37:45.752953,83,17,552,cold,209
2025-05-16 06:37:50.752953,50,754,511,cold,57
2025-05-16 06:37:55.752953,44,754,278,hotspot,55
2025-05-16 06:38:00.752953,21,490,510,hotspot,38
2025-05-16 06:38:05.752953,92,116,1320,uniform,203
2025-05-16 06:38:10.752953,38,105,158,uniform,229
2025-05-16 06:38:15.752953,26,179,576,cold,64
2025-05-16 06:38:20.752953,44,24,214,hotspot,68
2025-05-16 06:38:25.752953,22,1,2108,uniform,112
2025-05-16 06:38:30.752953,5,334,1240,uniform,219
2025-05-16 06:38:35.752953,2,1024,3,hotspot,79
2025-05-16 06:38:40.752953,79,194,914,uniform,292
2025-05-16 06:38:45.752953,99,569,364,cold,204
2025-05-16 06:38:50.752953,27,38,723,cold,98
2025-05-16 06:38:55.752953,75,155,229,hotspot,275
2025-05-16 06:39:00.752953,0,192,469,cold,190
2025-05-16 06:39:05.752953,51,136,709,hotspot,219
2025-05-16 06:39:10.752953,10,154,1718,uniform,58
2025-05-16 06:39:15.752953,59,11,332,cold,191
2025-05-16 06:39:20.752953,68,105,171,cold,247
2025-05-16 06:39:25.752953,54,347,348,uniform,152
2025-05-16 06:39:30.752953,74,66,152,cold,266
2025-05-16 06:39:35.752953,77,301,736,cold,204
2025-05-16 06:39:40.752953,19,21,41,hotspot,128
2025-05-16 06:39:45.752953,13,237,2096,cold,163
2025-05-16 06:39:50.752953,60,300,483,cold,90
2025-05-16 06:39:55.752953,13,132,115,cold,133
2025-05-16 06:40:00.752953,76,164,1252,hotspot,241
2025-05-16 06:40:05.752953,94,66,108,hotspot,176
2025-05-16 06:40:10.752953,4,391,101,hotspot,283
2025-05-16 06:40:15.752953,34,134,370,uniform,45
2025-05-16 06:40:20.752953,26,352,120,cold,296
2025-05-16 06:40:25.752953,70,173,353,cold,46
2025-05-16 06:40:30.752953,67,102,517,uniform,280
2025-05-16 06:40:35.752953,30,69,1622,uniform,161
2025-05-16 06:40:40.752953,51,338,31,cold,152
2025-05-16 06:40:45.752953,30,60,907,uniform,136
2025-05-16 06:40:50.752953,55,192,548,uniform,7
2025-05-16 06:40:55.752953,76,89,394,cold,296
2025-05-16 06:41:00.752953,25,89,1565,hotspot,3
2025-05-16 06:41:05.752953,24,168,1228,uniform,175
2025-05-16 06:41:10.752953,81,86,600,uniform,281
2025-05-16 06:41:15.752953,74,320,1059,hotspot,97
2025-05-16 06:41:20.752953,53,215,61,uniform,86
2025-05-16 06:41:25.752953,98,142,1013,uniform,156
2025-05-16 06:41:30.752953,17,346,369,cold,161
2025-05-16 06:41:35.752953,26,114,11,uniform,229
2025-05-16 06:41:40.752953,69,27,355,uniform,107
2025-05-16 06:41:45.752953,19,34,161,cold,270
2025-05-16 06:41:50.752953,8,133,295,hotspot,178
2025-05-16 06:41:55.752953,12,24,373,hotspot,36
2025-05-16 06:42:00.752953,58,124,903,hotspot,224
2025-05-16 06:42:05.752953,29,86,2008,uniform,103
2025-05-16 06:42:10.752953,12,181,145,cold,185
2025-05-16 06:42:15.752953,47,228,383,uniform,80
2025-05-16 06:42:20.752953,87,285,155,cold,100
2025-05-16 06:42:25.752953,23,288,1210,cold,196
2025-05-16 06:42:30.752953,43,62,279,cold,63
2025-05-16 06:42:35.752953,12,107,1278,hotspot,106
2025-05-16 06:42:40.752953,90,40,465,uniform,171
2025-05-16 06:42:45.752953,95,66,166,uniform,78
2025-05-16 06:42:50.752953,14,127,256,uniform,149
2025-05-16 06:42:55.752953,1,311,52,hotspot,43
2025-05-16 06:43:00.752953,9,253,183,uniform,171
2025-05-16 06:43:05.752953,88,307,297,cold,125
2025-05-16 06:43:10.752953,99,74,532,uniform,5
2025-05-16 06:43:15.752953,17,218,530,uniform,26
2025-05-16 06:43:20.752953,25,21,512,cold,161
2025-05-16 06:43:25.752953,67,82,367,hotspot,94
2025-05-16 06:43:30.752953,54,97,11,cold,95
2025-05-16 06:43:35.752953,24,101,26,hotspot,80
2025-05-16 06:43:40.752953,81,160,358,cold,261
2025-05-16 06:43:45.752953,58,54,357,cold,119
2025-05-16 06:43:50.752953,14,68,53,hotspot,155
2025-05-16 06:43:55.752953,95,82,1109,uniform,258
2025-05-16 06:44:00.752953,94,7,163,uniform,192
2025-05-16 06:44:05.752953,86,133,2,cold,152
2025-05-16 06:44:10.752953,83,13,315,uniform,69
2025-05-16 06:44:15.752953,96,82,196,cold,218
2025-05-16 06:44:20.752953,30,314,14,hotspot,235
2025-05-16 06:44:25.752953,10,47,19,hotspot,263
2025-05-16 06:44:30.752953,97,16,58,hotspot,89
2025-05-16 06:44:35.752953,81,111,83,hotspot,186
2025-05-16 06:44:40.752953,49,23,1776,cold,21
2025-05-16 06:44:45.752953,43,129,711,uniform,140
2025-05-16 06:44:50.752953,87,223,174,hotspot,194
2025-05-16 06:44:55.752953,81,316,560,cold,107
2025-05-16 06:45:00.752953,78,201,7,uniform,162
2025-05-16 06:45:05.752953,0,355,1608,uniform,210
2025-05-16 06:45:10.752953,44,269,1174,hotspot,6
2025-05-16 06:45:15.752953,9,85,193,uniform,105
2025-05-16 06:45:20.752953,55,42,104,hotspot,135
2025-05-16 06:45:25.752953,73,139,84,cold,207
2025-05-16 06:45:30.752953,89,16,1927,uniform,221
2025-05-16 06:45:35.752953,99,40,952,hotspot,115
2025-05-16 06:45:40.752953,75,240,386,uniform,224
2025-05-16 06:45:45.752953,48,191,44,uniform,23
2025-05-16 06:45:50.752953,8,81,767,uniform,144
2025-05-16 06:45:55.752953,29,296,90,cold,148
2025-05-16 06:46:00.752953,96,362,439,hotspot,5
2025-05-16 06:46:05.752953,4,40,154,cold,221
2025-05-16 06:46:10.752953,26,65,93,cold,83
2025-05-16 06:46:15.752953,86,181,95,hotspot,133
2025-05-16 06:46:20.752953,7,788,196,hotspot,78
2025-05-16 06:46:25.752953,51,29,125,uniform,192
2025-05-16 06:46:30.752953,22,38,204,cold,198
2025-05-16 06:46:35.752953,4,10,492,uniform,30
2025-05-16 06:46:40.752953,26,503,898,hotspot,261
2025-05-16 06:46:45.752953,17,116,927,uniform,50
2025-05-16 06:46:50.752953,48,238,690,uniform,96
2025-05-16 06:46:55.752953,50,361,31,cold,238
2025-05-16 06:47:00.752953,86,36,113,hotspot,192
2025-05-16 06:47:05.752953,86,112,1642,hotspot,207
2025-05-16 06:47:10.752953,93,68,114,uniform,272
2025-05-16 06:47:15.752953,7,0,1292,hotspot,256
2025-05-16 06:47:20.752953,13,56,30,uniform,56
2025-05-16 06:47:25.752953,61,313,194,cold,168
2025-05-16 06:47:30.752953,18,80,401,hotspot,118
2025-05-16 06:47:35.752953,75,108,184,uniform,255
2025-05-16 06:47:40.752953,26,543,110,cold,203
2025-05-16 06:47:45.752953,85,74,736,cold,101
2025-05-16 06:47:50.752953,71,21,310,cold,197
2025-05-16 06:47:55.752953,31,25,39,uniform,220
2025-05-16 06:48:00.752953,21,218,643,cold,276
2025-05-16 06:48:05.752953,75,87,821,hotspot,260
2025-05-16 06:48:10.752953,65,99,668,hotspot,265
2025-05-16 06:48:15.752953,3,88,374,cold,50
2025-05-16 06:48:20.752953,96,119,35,cold,232
2025-05-16 06:48:25.752953,79,241,205,hotspot,268
2025-05-16 06:48:30.752953,44,71,59,uniform,5
2025-05-16 06:48:35.752953,82,39,143,hotspot,270
2025-05-16 06:48:40.752953,36,323,255,uniform,47
2025-05-16 06:48:45.752953,19,175,169,uniform,289
2025-05-16 06:48:50.752953,96,39,74,cold,10
2025-05-16 06:48:55.752953,29,59,371,cold,124
2025-05-16 06:49:00.752953,60,333,97,cold,125
2025-05-16 06:49:05.752953,82,24,30,uniform,178
2025-05-16 06:49:10.752953,23,158,940,uniform,40
2025-05-16 06:49:15.752953,52,96,548,uniform,215
2025-05-16 06:49:20.752953,8,178,418,uniform,232
2025-05-16 06:49:25.752953,47,175,235,uniform,162
2025-05-16 06:49:30.752953,69,77,2565,uniform,181
2025-05-16 06:49:35.752953,60,162,404,uniform,195
2025-05-16 06:49:40.752953,87,118,1234,uniform,212
2025-05-16 06:49:45.752953,47,133,385,uniform,192
2025-05-16 06:49:50.752953,8,20,164,hotspot,162
2025-05-16 06:49:55.752953,81,264,249,uniform,297
2025-05-16 06:50:00.752953,80,621,825,hotspot,95
2025-05-16 06:50:05.752953,79,325,2383,hotspot,223
2025-05-16 06:50:10.752953,93,14,117,uniform,223
2025-05-16 06:50:15.752953,3,4,149,hotspot,245
2025-05-16 06:50:20.752953,5,249,912,cold,162
2025-05-16 06:50:25.752953,50,269,702,uniform,179
2025-05-16 06:50:30.752953,77,152,634,cold,110
2025-05-16 06:50:35.752953,26,5,266,hotspot,140
2025-05-16 06:50:40.752953,9,96,1032,hotspot,296
2025-05-16 06:50:45.752953,5,91,23,uniform,22
2025-05-16 06:50:50.752953,26,261,145,hotspot,156
2025-05-16 06:50:55.752953,72,52,797,hotspot,109
2025-05-16 06:51:00.752953,96,324,519,hotspot,91
2025-05-16 06:51:05.752953,67,1,298,cold,82
2025-05-16 06:51:10.752953,0,83,53,uniform,107
2025-05-16 06:51:15.752953,71,367,51,cold,67
2025-05-16 06:51:20.752953,96,112,94,cold,95
2025-05-16 06:51:25.752953,22,125,312,uniform,280
2025-05-16 06:51:30.752953,55,73,463,hotspot,232
2025-05-16 06:51:35.752953,1,153,6,hotspot,188
2025-05-16 06:51:40.752953,56,0,403,uniform,16
2025-05-16 06:51:45.752953,3,250,204,uniform,93
2025-05-16 06:51:50.752953,26,78,266,hotspot,4
2025-05-16 06:51:55.752953,99,168,294,uniform,115
2025-05-16 06:52:00.752953,23,352,176,hotspot,156
2025-05-16 06:52:05.752953,72,69,241,uniform,245
2025-05-16 06:52:10.752953,65,565,74,uniform,169
2025-05-16 06:52:15.752953,38,29,64,cold,278
2025-05-16 06:52:20.752953,94,169,1479,uniform,180
2025-05-16 06:52:25.752953,60,55,176,cold,202
2025-05-16 06:52:30.752953,3,0,710,uniform,222
2025-05-16 06:52:35.752953,2,274,654,cold,193
2025-05-16 06:52:40.752953,77,22,309,uniform,183
2025-05-16 06:52:45.752953,66,14,810,hotspot,18
2025-05-16 06:52:50.752953,42,350,221,hotspot,33
2025-05-16 06:52:55.752953,49,88,88,cold,225
2025-05-16 06:53:00.752953,54,421,391,uniform,232
2025-05-16 06:53:05.752953,5,3,353,uniform,248
2025-05-16 06:53:10.752953,11,127,192,hotspot,29
2025-05-16 06:53:15.752953,54,42,539,cold,155
2025-05-16 06:53:20.752953,35,117,824,uniform,3
2025-05-16 06:53:25.752953,85,3,81,hotspot,252
2025-05-16 06:53:30.752953,6,578,201,hotspot,35
2025-05-16 06:53:35.752953,57,160,710,uniform,193
2025-05-16 06:53:40.752953,45,104,742,uniform,189
2025-05-16 06:53:45.752953,74,321,239,uniform,202
2025-05-16 06:53:50.752953,57,44,367,uniform,76
2025-05-16 06:53:55.752953,74,80,1143,uniform,239
2025-05-16 06:54:00.752953,99,12,166,cold,134
2025-05-16 06:54:05.752953,37,158,970,uniform,84
2025-05-16 06:54:10.752953,4,91,194,uniform,124
2025-05-16 06:54:15.752953,12,111,14,hotspot,165
2025-05-16 06:54:20.752953,72,76,1240,cold,183
2025-05-16 06:54:25.752953,62,7,302,uniform,228
2025-05-16 06:54:30.752953,86,153,256,uniform,202
2025-05-16 06:54:35.752953,50,47,604,cold,17
2025-05-16 06:54:40.752953,21,57,673,cold,83
2025-05-16 06:54:45.752953,26,190,127,hotspot,156
2025-05-16 06:54:50.752953,10,136,281,cold,106
2025-05-16 06:54:55.752953,29,486,338,uniform,8
2025-05-16 06:55:00.752953,53,317,357,hotspot,143
2025-05-16 06:55:05.752953,82,10,196,cold,9
2025-05-16 06:55:10.752953,32,60,193,hotspot,12
2025-05-16 06:55:15.752953,99,79,20,cold,211
2025-05-16 06:55:20.752953,39,17,1758,uniform,270
2025-05-16 06:55:25.752953,10,76,101,hotspot,134
2025-05-16 06:55:30.752953,16,42,522,hotspot,30
2025-05-16 06:55:35.752953,35,186,58,hotspot,19
2025-05-16 06:55:40.752953,21,129,10,cold,157
2025-05-16 06:55:45.752953,45,78,405,hotspot,109
2025-05-16 06:55:50.752953,38,90,469,hotspot,267
2025-05-16 06:55:55.752953,19,69,285,cold,83
2025-05-16 06:56:00.752953,90,92,1053,hotspot,289
2025-05-16 06:56:05.752953,92,66,768,cold,225
2025-05-16 06:56:10.752953,10,242,383,uniform,290
2025-05-16 06:56:15.752953,35,206,817,hotspot,228
2025-05-16 06:56:20.752953,16,83,1565,hotspot,249
2025-05-16 06:56:25.752953,79,99,162,hotspot,35
2025-05-16 06:56:30.752953,15,145,157,cold,22
2025-05-16 06:56:35.752953,95,31,39,hotspot,5
2025-05-16 06:56:40.752953,47,23,1028,hotspot,247
2025-05-16 06:56:45.752953,67,299,131,uniform,180
2025-05-16 06:56:50.752953,48,141,764,cold,151
2025-05-16 06:56:55.752953,49,149,296,cold,175
2025-05-16 06:57:00.752953,93,14,14,hotspot,278
2025-05-16 06:57:05.752953,4,43,824,cold,280
2025-05-16 06:57:10.752953,58,83,432,hotspot,126
2025-05-16 06:57:15.752953,25,118,89,cold,242
2025-05-16 06:57:20.752953,53,393,139,uniform,151
2025-05-16 06:57:25.752953,75,110,1059,hotspot,100
2025-05-16 06:57:30.752953,74,95,37,cold,97
2025-05-16 06:57:35.752953,30,350,475,cold,245
2025-05-16 06:57:40.752953,44,91,794,hotspot,293
2025-05-16 06:57:45.752953,18,195,1349,hotspot,99
2025-05-16 06:57:50.752953,39,24,53,hotspot,103
2025-05-16 06:57:55.752953,28,9,1230,hotspot,63
2025-05-16 06:58:00.752953,88,526,1751,cold,210
2025-05-16 06:58:05.752953,42,70,363,cold,155
2025-05-16 06:58:10.752953,7,30,219,hotspot,266
2025-05-16 06:58:15.752953,79,137,102,hotspot,260
2025-05-16 06:58:20.752953,14,20,791,hotspot,186
2025-05-16 06:58:25.752953,93,90,714,cold,84
2025-05-16 06:58:30.752953,75,29,834,hotspot,244
2025-05-16 06:58:35.752953,90,392,216,uniform,42
2025-05-16 06:58:40.752953,32,149,469,cold,54
2025-05-16 06:58:45.752953,52,98,867,hotspot,101
2025-05-16 06:58:50.752953,72,70,161,hotspot,286
2025-05-16 06:58:55.752953,36,340,59,cold,10
2025-05-16 06:59:00.752953,65,126,234,uniform,89
2025-05-16 06:59:05.752953,75,75,417,hotspot,24
2025-05-16 06:59:10.752953,95,34,1031,uniform,30
2025-05-16 06:59:15.752953,96,193,315,uniform,167
